-- MySQL dump 10.11
--
-- Host: localhost    Database: bl
-- ------------------------------------------------------
-- Server version	5.0.92-log

/*!40101 SET @OLD_CHARACTER_SET_CLIENT=@@CHARACTER_SET_CLIENT */;
/*!40101 SET @OLD_CHARACTER_SET_RESULTS=@@CHARACTER_SET_RESULTS */;
/*!40101 SET @OLD_COLLATION_CONNECTION=@@COLLATION_CONNECTION */;
/*!40101 SET NAMES utf8 */;
/*!40103 SET @OLD_TIME_ZONE=@@TIME_ZONE */;
/*!40103 SET TIME_ZONE='+00:00' */;
/*!40014 SET @OLD_UNIQUE_CHECKS=@@UNIQUE_CHECKS, UNIQUE_CHECKS=0 */;
/*!40014 SET @OLD_FOREIGN_KEY_CHECKS=@@FOREIGN_KEY_CHECKS, FOREIGN_KEY_CHECKS=0 */;
/*!40101 SET @OLD_SQL_MODE=@@SQL_MODE, SQL_MODE='NO_AUTO_VALUE_ON_ZERO' */;
/*!40111 SET @OLD_SQL_NOTES=@@SQL_NOTES, SQL_NOTES=0 */;

--
-- Table structure for table `compilation`
--

DROP TABLE IF EXISTS `compilation`;
/*!40101 SET @saved_cs_client     = @@character_set_client */;
/*!40101 SET character_set_client = utf8 */;
CREATE TABLE `compilation` (
  `id` int(11) NOT NULL auto_increment,
  `volume` int(11) NOT NULL,
  `start` date default NULL,
  `end` date default NULL,
  `publication` date default NULL,
  `fascicle` int(11) default NULL,
  `title` longtext NOT NULL,
  PRIMARY KEY  (`id`)
) ENGINE=InnoDB AUTO_INCREMENT=15 DEFAULT CHARSET=utf8;
/*!40101 SET character_set_client = @saved_cs_client */;

--
-- Dumping data for table `compilation`
--

LOCK TABLES `compilation` WRITE;
/*!40000 ALTER TABLE `compilation` DISABLE KEYS */;
INSERT INTO `compilation` VALUES (1,1,'2003-01-01','2007-01-01','2012-06-06',NULL,'I'),(2,2,'2003-01-01','2007-01-01','2012-06-06',1,'II 1'),(3,2,'2003-01-01','2007-01-01','2012-06-06',2,'II 2'),(4,3,'2003-01-01','2007-01-01','2012-06-06',NULL,'III'),(5,4,'2003-01-01','2007-01-01','2012-06-06',NULL,'IV'),(6,5,'2003-01-01','2007-01-01','2012-06-06',NULL,'V'),(7,6,'2003-01-01','2007-01-01','2012-06-06',NULL,'VI'),(8,7,'2003-01-01','2007-01-01','2012-06-06',NULL,'VII'),(9,8,'2003-01-01','2007-01-01','2012-06-06',NULL,'VIII'),(10,9,'2003-01-01','2007-01-01','2012-06-06',NULL,'IX'),(11,10,'2003-01-01','2007-01-01','2012-06-06',NULL,'X'),(12,11,'2003-01-01','2007-01-01','2012-06-06',NULL,'XI'),(13,12,'2003-01-01','2007-01-01','2012-06-06',NULL,'XII'),(14,13,'2003-01-01','2007-01-01','2012-06-06',NULL,'XIII');
/*!40000 ALTER TABLE `compilation` ENABLE KEYS */;
UNLOCK TABLES;

--
-- Table structure for table `correction`
--

DROP TABLE IF EXISTS `correction`;
/*!40101 SET @saved_cs_client     = @@character_set_client */;
/*!40101 SET character_set_client = utf8 */;
CREATE TABLE `correction` (
  `id` int(11) NOT NULL auto_increment,
  `edition_id` int(11) NOT NULL,
  `compilation_id` int(11) NOT NULL,
  `text` varchar(64) NOT NULL,
  `tm` int(11) default NULL,
  `folder` int(11) default NULL,
  `hgv` varchar(64) default NULL,
  `ddb` varchar(64) default NULL,
  `collection` varchar(64) default NULL,
  `volume` varchar(64) default NULL,
  `document` varchar(64) default NULL,
  `position` longtext,
  `description` longtext NOT NULL,
  `source` int(11) default NULL,
  `status` longtext NOT NULL,
  `creator` longtext NOT NULL,
  `created` datetime NOT NULL,
  `sortPage` int(11) default NULL,
  `sortSide` varchar(2) default NULL,
  `sortFragment` varchar(255) default NULL,
  `sortColumn` varchar(8) default NULL,
  `sortLine` int(11) default NULL,
  `sortSystem` varchar(256) NOT NULL,
  `sortUser` varchar(256) default NULL,
  `sort` varchar(256) NOT NULL,
  `compilationPage` varchar(64) default NULL,
  PRIMARY KEY  (`id`),
  KEY `IDX_A29DA1B874281A5E` (`edition_id`),
  KEY `IDX_A29DA1B8A5F8C840` (`compilation_id`),
  CONSTRAINT `FK_A29DA1B874281A5E` FOREIGN KEY (`edition_id`) REFERENCES `edition` (`id`),
  CONSTRAINT `FK_A29DA1B8A5F8C840` FOREIGN KEY (`compilation_id`) REFERENCES `compilation` (`id`)
) ENGINE=InnoDB AUTO_INCREMENT=108 DEFAULT CHARSET=utf8;
/*!40101 SET character_set_client = @saved_cs_client */;

--
-- Dumping data for table `correction`
--

LOCK TABLES `correction` WRITE;
/*!40000 ALTER TABLE `correction` DISABLE KEYS */;
INSERT INTO `correction` VALUES (1,54,14,'129',19768,20,'19768','p.bingen;;129','p.bingen','','129','10-11','Die Indiktion hat schon vor dem 1. Thoth angefangen, vgl. dazu P. Oxy. 68. 4681, Anm. zu Z. 9-11.',NULL,'unchecked','system','2012-03-07 10:22:02',NULL,NULL,NULL,NULL,10,'e00146000t00000129p00000000s00f00000000c00000000l00000010',NULL,'e00146000t00000129p00000000s00f00000000c00000000l00000010',NULL),(2,66,14,'67090',36829,37,'36829','p.cair.masp;1;67090','p.cair.masp','1','67090','R°','Photo: J.-L. Fournet, in: Des Alexandries II, S. 79.',17690,'unchecked','system','2012-03-07 10:22:02',NULL,'R°',NULL,NULL,NULL,'e00175000t00067090p00000000sR°f00000000c00000000l00000000',NULL,'e00175000t00067090p00000000sR°f00000000c00000000l00000000',NULL),(3,112,14,'69',20889,21,'20889','pap.agon;;9','pap.agon','','9','7-8','Zu Ἀντ̣ι|[νοείῳ vgl. J.-Y. Strasser, B.C.H. 128-129 (2004-2005), S. 467, Anm. 226 (zu P. Agon. 9).',73664,'unchecked','system','2012-03-07 10:22:02',NULL,NULL,NULL,NULL,7,'e00266000t00000069p00000000s00f00000000c00000000l00000007',NULL,'e00266000t00000069p00000000s00f00000000c00000000l00000007',NULL),(4,133,14,'24',34844,35,'34844','cpr;5;24','cpr','5','24',NULL,'Herkunft: Oxyrhynchites, P. Oxy. 68. 4685 V°, Anm. zu Z. 1.',NULL,'unchecked','system','2012-03-07 10:22:02',NULL,NULL,NULL,NULL,NULL,'e00312000t00000024p00000000s00f00000000c00000000l00000000',NULL,'e00312000t00000024p00000000s00f00000000c00000000l00000000',NULL),(5,133,14,'24',34844,35,'34844','cpr;5;24','cpr','5','24','2','Derselbe Theodoros Sohn des Leukadios in P. Oxy. 68. 4685 V°, Z. 1; viell. derselbe Leukadios auch in P. Oxy. 7. 1048, Z. 15, vgl. P. Oxy. 68. 4685 V°, Anm. zu Z. 1.',NULL,'unchecked','system','2012-03-07 10:22:02',NULL,NULL,NULL,NULL,2,'e00312000t00000024p00000000s00f00000000c00000000l00000002',NULL,'e00312000t00000024p00000000s00f00000000c00000000l00000002',NULL),(6,133,14,'24',34844,35,'34844','cpr;5;24','cpr','5','24','3, 7','Derselbe Daniel, Sohn des Valerius in P. Oxy. 68. 4682, Z. 4-5, 4683, Z. 1 (?) und 4685 V°, Z. 8; wohl derselbe Valerius auch in P. Wash.Univ. 2. 83, Z. 7, P. Oxy. 7. 1048, Z. 10, und 62. 4346, Z. 2, vgl. P. Oxy. 68. 4682, Anm. zu Z. 4-5.',NULL,'unchecked','system','2012-03-07 10:22:02',NULL,NULL,NULL,NULL,3,'e00312000t00000024p00000000s00f00000000c00000000l00000003',NULL,'e00312000t00000024p00000000s00f00000000c00000000l00000003',NULL),(7,133,14,'24',34844,35,'34844','cpr;5;24','cpr','5','24','6, 10','Derselbe Ammonianos viell. in P. Oxy. 68. 4685 R°, Z. 8, vgl. dort die Anm. zur Z.',NULL,'unchecked','system','2012-03-07 10:22:02',NULL,NULL,NULL,NULL,6,'e00312000t00000024p00000000s00f00000000c00000000l00000006',NULL,'e00312000t00000024p00000000s00f00000000c00000000l00000006',NULL),(8,165,14,'325',19366,20,'19366','p.flor;3;325','p.flor','3','325','8','πρίνκιπος → πολιτευομένου, K.A. Worp in: P. Oxy. 68. 4687, Anm. zu Z. 8-9 (am Original geprüft von R. Pintaudi).',NULL,'unchecked','system','2012-03-07 10:22:02',NULL,NULL,NULL,NULL,8,'e00377000t00000325p00000000s00f00000000c00000000l00000008',NULL,'e00377000t00000325p00000000s00f00000000c00000000l00000008',NULL),(9,216,14,'198',5183,6,'5183','p.hib;2;198','p.hib','2','198','231','οἱ τὰ βασιλ̣[ικὰ (erg. viell. πραγματευόμενοι, ed.pr., Anm. zur Z.) ]σοντ[ → οἱ τὰ βασιλ[ικὰ πράσ]σοντ[ες], J.-M. Bertrand in: La circulation de l’information, S. 99-100.',NULL,'unchecked','system','2012-03-07 10:22:02',NULL,NULL,NULL,NULL,231,'e00496000t00000198p00000000s00f00000000c00000000l00000231',NULL,'e00496000t00000198p00000000s00f00000000c00000000l00000231',NULL),(10,234,14,'234',21233,22,'21233','p.koeln;5;234','p.koeln','5','234','3','Die Erg. ῥιπαρίῳ wird bestätigt; derselbe Flavius Ioseph in P. Oxy. 68. 4684, Z. 3 und viell. in 4685 V°, Z. 3, vgl. P. Oxy. 68. 4684, Anm. zu Z. 3 und 4685, Einl.',NULL,'unchecked','system','2012-03-07 10:22:02',NULL,NULL,NULL,NULL,3,'e00524000t00000234p00000000s00f00000000c00000000l00000003',NULL,'e00524000t00000234p00000000s00f00000000c00000000l00000003',NULL),(11,244,14,'74',31513,32,'31513','p.laur;3;74','p.laur','3','74','29',']ν̣ → Ὡρείω]ν̣, J.-Y. Strasser, B.C.H. 128-129 (2004-2005), S. 427, Anm. 36.',73664,'unchecked','system','2012-03-07 10:22:02',NULL,NULL,NULL,NULL,29,'e00552000t00000074p00000000s00f00000000c00000000l00000029',NULL,'e00552000t00000074p00000000s00f00000000c00000000l00000029',NULL),(12,245,14,'192',21277,22,'21277','p.laur;4;192','p.laur','4','192','7','ἡμεριῶν: wohl nicht von ἡμερία, sondern vom Diminutiv ἡμέριον, N. Gonis, Bibl.Orient. 62 (2005), S. 51.',31315,'unchecked','system','2012-03-07 10:22:02',NULL,NULL,NULL,NULL,7,'e00553000t00000192p00000000s00f00000000c00000000l00000007',NULL,'e00553000t00000192p00000000s00f00000000c00000000l00000007',NULL),(13,257,14,'1793',19765,20,'19765','p.lond;5;1793','p.lond','5','1793',NULL,'Die Datierung 2.12.471 n.Chr. (vgl. B.L. 8, S. 193) ist vorzuziehen, P. Oxy. 68. 4695, Anm. zu Z. 2-3.',NULL,'unchecked','system','2012-03-07 10:22:02',NULL,NULL,NULL,NULL,NULL,'e00584000t00001793p00000000s00f00000000c00000000l00000000',NULL,'e00584000t00001793p00000000s00f00000000c00000000l00000000',NULL),(14,274,14,'70',18487,19,'18487','p.leid.inst;;70','p.leid.inst','','70','2','ἐν Ὀξυρυγχ(ιτῶν) → ἐν Ὀξυρύγχ(ων), P. Oxy. 68. 4701, Anm. zu Z. 2.',NULL,'unchecked','system','2012-03-07 10:22:02',NULL,NULL,NULL,NULL,2,'e00603000t00000070p00000000s00f00000000c00000000l00000002',NULL,'e00603000t00000070p00000000s00f00000000c00000000l00000002',NULL),(15,289,14,'64',21289,22,'21289','p.mil;2;64','p.mil','2','64','1','[μετὰ τὴν ὑπατείαν (B.L. 7, S. 103): wenn geschrieben, dann fehlerhaft für ὑπατείας, P. Oxy. 68. 4688, Anm. zu Z. 2.',NULL,'unchecked','system','2012-03-07 10:22:02',NULL,NULL,NULL,NULL,1,'e00636000t00000064p00000000s00f00000000c00000000l00000001',NULL,'e00636000t00000064p00000000s00f00000000c00000000l00000001',NULL),(16,289,14,'64',21289,22,'21289','p.mil;2;64','p.mil','2','64','5','Die Erg. [ἐναπόγραφος wird abgelehnt, P. Oxy. 68. 4697, Anm. zu Z. 6-7.',NULL,'unchecked','system','2012-03-07 10:22:02',NULL,NULL,NULL,NULL,5,'e00636000t00000064p00000000s00f00000000c00000000l00000005',NULL,'e00636000t00000064p00000000s00f00000000c00000000l00000005',NULL),(17,289,14,'64',21289,22,'21289','p.mil;2;64','p.mil','2','64','9','δ[ε]κ̣άτης (B.L. 7, S. 103) → ἐνάτης (wie ed.pr.) (nach dem Photo); also zu datieren: 6.12.440 n.Chr., P. Oxy. 68. 4688, Anm. zu Z. 2.',NULL,'unchecked','system','2012-03-07 10:22:02',NULL,NULL,NULL,NULL,9,'e00636000t00000064p00000000s00f00000000c00000000l00000009',NULL,'e00636000t00000064p00000000s00f00000000c00000000l00000009',NULL),(18,133,14,'13',12866,13,'12866','chla;43;1248','chla','43','1248',NULL,'(+ P.Rainer Cent. 165) Nd. mit italienischer Übersetzung: S. Daris, Aevum 74 (200), S. 157-159 (Kol. I, Z. 9 nostris Tippfehler statt sostris).',NULL,'unchecked','system','2012-03-07 10:22:02',NULL,NULL,NULL,NULL,NULL,'e00312000t00000013p00000000s00f00000000c00000000l00000000',NULL,'e00312000t00000013p00000000s00f00000000c00000000l00000000',NULL),(19,1,14,'1884',9999,10,'9999a',NULL,'','','','Zeilige Zeile 1234','Einträglicher Eintrag Όλα κόλπα μέχρι το. Παραγωγικής χαρακτηριστικό σου τη, τα νέο καρέκλα τεσσαρών εκτελείται. Έκδοση δούλευε νέα ως. Σημεία εργαζόμενων δεν ως, όσο με αυτός στέλνοντάς, έχω μικρής εφαρμογής σε. Ώρα παίξουν προβληματική τα. Ώς σφάλμα κρατήσουν όχι, σας δε γειτονιάς προκαλείς. So und jetzt noch ein bisschen Text hier → mit Pfeil und Speerspitze →',NULL,'unchecked','lanz','2012-03-07 10:25:17',NULL,NULL,NULL,NULL,1234,'e00000000t00001884p00000000s00f00000000c00000000l00001234',NULL,'e00000000t00001884p00000000s00f00000000c00000000l00001234',NULL),(20,34,14,'1258 A (Recto)',4545,5,'4545','bgu;6;1258','bgu','6','1258','10','οὐλαὶ πο̣[σὶ   ̣  ̣  ̣]ιδε: viell. οὐλαὶ πο̣[λλαὶ   ̣  ̣  ̣]ιδε, N. Quenouile, APF 48 (2002), S. 85.',71371,'finalised','cowey','2012-03-08 14:48:48',NULL,NULL,NULL,NULL,10,'e00090000t1258 A (Recto)p00000000s00f00000000c00000000l00000010',NULL,'e00090000t1258 A (Recto)p00000000s00f00000000c00000000l00000010',NULL),(21,189,14,'36',1499,2,'1499','p.grenf;1;36','p.grenf','1','36','4','ο̣ὐ[λὴ]ι̣ τὸν δεξιὸν πόδα: viell. ο̣υ̣[  ̣  ̣]ι̣ τὸν δεξιὸν πόδα, N. Quenouille, APF 48 (2002), S. 85.',71371,'unchecked','cowey','2012-03-08 14:56:13',NULL,NULL,NULL,NULL,4,'e00445000t00000036p00000000s00f00000000c00000000l00000004',NULL,'e00445000t00000036p00000000s00f00000000c00000000l00000004',NULL),(22,495,14,'811',2942,3,'2942','p.tebt;3.1;811','p.tebt','3.1','811','20-21','ἐ]|λευθερῶ παιδα: viell. ἀπε]|λευθερῶ παιδα, N. Quenouille, APF 48 (2002), S. 81.',71371,'unchecked','cowey','2012-03-08 15:05:25',NULL,NULL,NULL,NULL,20,'e01032000t00000811p00000000s00f00000000c00000000l00000020',NULL,'e01032000t00000811p00000000s00f00000000c00000000l00000020',NULL),(23,442,14,'15945',79249,80,'79249','sb;24;15945','sb','24','15945','2','Ἀπόλλω(νος πόλεως): viell. Ἀπολλω(νίου), F. Reiter, APF 48 (2002), S. 133',71390,'unchecked','cowey','2012-03-08 15:14:35',NULL,NULL,NULL,NULL,2,'e00918000t00015945p00000000s00f00000000c00000000l00000002',NULL,'e00918000t00015945p00000000s00f00000000c00000000l00000002',NULL),(24,34,14,'1261',7327,8,'7327','bgu;8;1734','bgu','8','1734','6-8','Vgl. J.D. Sosin, APF 50 (2004), S. 42-44.',NULL,'unchecked','cowey','2012-05-31 14:13:04',NULL,NULL,NULL,NULL,6,'e00090000t00001261p00000000s00f00000000c00000000l00000006',NULL,'e00090000t00001261p00000000s00f00000000c00000000l00000006',NULL),(25,5,14,'6',5,1,'5','p.adl;;G6','p.adl','','G6','13-16','Vgl. J.D. Sosin, APF 50 (2004), S. 42-44, Anm. 10.',73651,'unchecked','cowey','2012-06-08 15:06:22',NULL,NULL,NULL,NULL,13,'e00020000t00000006p00000000s00f00000000c00000000l00000013',NULL,'e00020000t00000006p00000000s00f00000000c00000000l00000013',NULL),(26,5,14,'15',15,1,'15','p.adl;;G15','p.adl','','G15','16-20','Vgl. J.D. Sosin, APF 50 (2004), S. 42-44, Anm. 7.',73651,'unchecked','cowey','2012-06-08 15:15:25',NULL,NULL,NULL,NULL,16,'e00020000t00000015p00000000s00f00000000c00000000l00000016',NULL,'e00020000t00000015p00000000s00f00000000c00000000l00000016',NULL),(28,11,6,'44',32720,33,'32720','sb;24;16204','sb','24','16204','9','λι<νω>τῶν, I. Cazzaniga Parola del Passato 89 (1963), S. 128. (Die Lesung λιτῶν hat aber einen guten Sinn).',44557,'finalised','cowey','2012-06-08 17:46:08',NULL,NULL,NULL,NULL,9,'e00045000t00000044p00000000s00f00000000c00000000l00000009',NULL,'e00045000t00000044p00000000s00f00000000c00000000l00000009','6'),(30,11,7,'44',32720,33,'32720','sb;24;16204','sb','24','16204','9','Viell. ἀ̣[γαθ]ῷ̣, J. O’Callaghan, Cart.Crist. Nr. 3. Anm. zu Z. 10.',6439,'finalised','cowey','2012-06-08 17:53:59',NULL,NULL,NULL,NULL,9,'e00045000t00000044p00000000s00f00000000c00000000l00000009',NULL,'e00045000t00000044p00000000s00f00000000c00000000l00000009','5'),(31,11,7,'44',32720,33,'32720','sb;24;16204','sb','24','16204','9','Die Lesung λιτῶν ist richtig (anders: B.L. 5, S. 6), S. Daris, Chr.d\'Ég. 47 (1972), S. 222.',48823,'finalised','cowey','2012-06-08 18:01:55',NULL,NULL,NULL,NULL,9,'e00045000t00000044p00000000s00f00000000c00000000l00000009',NULL,'e00045000t00000044p00000000s00f00000000c00000000l00000009','5'),(32,11,7,'44',32720,33,'32720','sb;24;16204','sb','24','16204','9-10','ἀδελφῷ Φ̣ι̣λ|αδελφίῳ, M. Naldini, Il Cristianesimo S. 355-357 (nach einem Mikrofilm).',7245,'finalised','cowey','2012-06-15 10:54:51',NULL,NULL,NULL,NULL,9,'e00045000t00000044p00000000s00f00000000c00000000l00000009',NULL,'e00045000t00000044p00000000s00f00000000c00000000l00000009','5'),(33,11,7,'44',32720,33,'32720','sb;24;16204','sb','24','16204','12','χρησίμα̣ν, M. Naldini, Il Cristianesimo S. 355-357 (nach einem Mikrofilm).',7245,'finalised','cowey','2012-06-19 09:09:09',NULL,NULL,NULL,NULL,12,'e00045000t00000044p00000000s00f00000000c00000000l00000012',NULL,'e00045000t00000044p00000000s00f00000000c00000000l00000012','5'),(34,11,7,'44',32720,33,'32720','sb;24;16204','sb','24','16204','17','τὰ σὰ ἐ̣ρ̣[...]ομεν, M. Manfredi in: M. Naldini, Il Cristianesimo S. 355-357 (nach einem Mikrofilm).',7245,'finalised','cowey','2012-06-19 09:14:34',NULL,NULL,NULL,NULL,17,'e00045000t00000044p00000000s00f00000000c00000000l00000017',NULL,'e00045000t00000044p00000000s00f00000000c00000000l00000017','5'),(35,11,11,'44',32720,33,'32720','sb;24;16204','sb','24','16204','9-10','ἀδελφῷ Φ̣ι̣λ|αδελφίῳ (B.L. 6, S. 5) → wohl ἀδελφῷ  ̣[ ̣ ̣ ̣] ̣ | Ἀδελφίῳ (vgl. ed.pr.) R.S. Bagnall, B.A.S.P. 32 (1995), S. 38, Anm. 4.',64539,'finalised','cowey','2012-06-19 11:14:08',NULL,NULL,NULL,NULL,9,'e00045000t00000044p00000000s00f00000000c00000000l00000009',NULL,'e00045000t00000044p00000000s00f00000000c00000000l00000009','5'),(36,558,8,'157',41914,42,'41914','o.mich;1;157','o.mich','1','157','2','Die Lesung δι᾽ ἐμοῦ Διοδώρου ist richtig (gegen B.L. 3), H.C. Youtie, Scriptiunculae, 1 S. 170, Anm. zu S. 146.',49697,'finalised','cowey','2012-06-27 15:44:50',NULL,NULL,NULL,NULL,2,'e01220000t00000157p00000000s00f00000000c00000000l00000002',NULL,'e01220000t00000157p00000000s00f00000000c00000000l00000002','288'),(37,2,14,'159',28310,29,'28310','p.aberd;;159','p.aberd','','159',NULL,'Gehört wohl in den Arsinoites, F. Reiter, ZPE 138 (2002), S. 130, Anm. 9.',71392,'unchecked','cowey','2012-07-05 10:46:40',NULL,NULL,NULL,NULL,NULL,'e00005000t00000159p00000000s00f00000000c00000000l00000000',NULL,'e00005000t00000159p00000000s00f00000000c00000000l00000000',NULL),(38,24,14,'172',22281,23,'22281','p.bad;6;172','p.bad','6','172','1-2','τοῦ λαμ|προ(τάτου) → τοῦ | λαμπρο(τάτου) (nach dem Photo), D. Hagedorn, ZPE 138 (2002), S. 118.',71105,'unchecked','cowey','2012-07-05 10:49:00',NULL,NULL,NULL,NULL,1,'e00072000t00000172p00000000s00f00000000c00000000l00000001',NULL,'e00072000t00000172p00000000s00f00000000c00000000l00000001',NULL),(39,24,14,'172',22281,23,'22281','p.bad;6;172','p.bad','6','172','10','λαμπρ(ότητο)ϲ → λαμπρ(ότητος) (nach dem Photo), D. Hagedorn, ZPE 138 (2002), S. 118.',71105,'unchecked','cowey','2012-07-05 10:52:19',NULL,NULL,NULL,NULL,10,'e00072000t00000172p00000000s00f00000000c00000000l00000010',NULL,'e00072000t00000172p00000000s00f00000000c00000000l00000010',NULL),(40,24,14,'172',22281,23,'22281','p.bad;6;172','p.bad','6','172','11','ἀπὸ πα[ρ]όντος → ἀπὸ το[ῦ] ὄντος (nach dem Photo), D. Hagedorn, ZPE 138 (2002), S. 118.',71105,'unchecked','cowey','2012-07-05 10:55:39',NULL,NULL,NULL,NULL,11,'e00072000t00000172p00000000s00f00000000c00000000l00000011',NULL,'e00072000t00000172p00000000s00f00000000c00000000l00000011',NULL),(41,24,14,'172',22281,23,'22281','p.bad;6;172','p.bad','6','172','17','νότου → νότον und wohl χρηστηρίοις̣ statt χρηστηρίοισι (nach dem Photo), D. Hagedorn, ZPE 138 (2002), S. 118.',71105,'unchecked','cowey','2012-07-05 11:11:35',NULL,NULL,NULL,NULL,17,'e00072000t00000172p00000000s00f00000000c00000000l00000017',NULL,'e00072000t00000172p00000000s00f00000000c00000000l00000017',NULL),(42,45,14,'2703',69774,70,'69774','bgu;17;2703','bgu','17','2703','7','γέγραπθαι → γενέσθαι (nach dem Photo), D. Hagedorn, ZPE 138 (2002), S. 113.',71105,'unchecked','cowey','2012-07-05 11:22:35',NULL,NULL,NULL,NULL,7,'e00101000t00002703p00000000s00f00000000c00000000l00000007',NULL,'e00101000t00002703p00000000s00f00000000c00000000l00000007',NULL),(43,45,14,'2713',69784,70,'69784','bgu;17;2713','bgu','17','2713','3','γρ(άμματα)  ̣ : viell. γρ(άμματα) ι̣γ̣[d]/, D. Hagedorn, ZPE 138 (2002), S. 113, Anm. 2.',71105,'unchecked','cowey','2012-07-05 11:25:20',NULL,NULL,NULL,NULL,3,'e00101000t00002713p00000000s00f00000000c00000000l00000003',NULL,'e00101000t00002713p00000000s00f00000000c00000000l00000003',NULL),(44,45,14,'2713',69784,70,'69784','bgu;17;2713','bgu','17','2713','4','θ → ε (nach dem Photo), D. Hagedorn, ZPE 138 (2002), S. 113.',71105,'unchecked','cowey','2012-07-05 11:27:48',NULL,NULL,NULL,NULL,4,'e00101000t00002713p00000000s00f00000000c00000000l00000004',NULL,'e00101000t00002713p00000000s00f00000000c00000000l00000004',NULL),(45,45,14,'2720',69791,70,'69791','bgu;17;2720','bgu','17','2720',NULL,'Viell. auf das Jahr 588/9 n.Chr. zu datieren, D. Hagedorn, ZPE 138 (2002), S. 114 (vgl. B.L. 12, S. 28).',71105,'unchecked','cowey','2012-07-05 11:40:55',NULL,NULL,NULL,NULL,NULL,'e00101000t00002720p00000000s00f00000000c00000000l00000000',NULL,'e00101000t00002720p00000000s00f00000000c00000000l00000000',NULL),(46,45,14,'2720',69791,70,'69791','bgu;17;2720','bgu','17','2720','1, 4','θεῷ → θ(ε)ῷ (nach dem Photo), D. Hagedorn, ZPE 138 (2002), S. 115.',NULL,'unchecked','cowey','2012-07-05 11:43:05',NULL,NULL,NULL,NULL,1,'e00101000t00002720p00000000s00f00000000c00000000l00000001',NULL,'e00101000t00002720p00000000s00f00000000c00000000l00000001',NULL),(47,45,14,'2720',69791,70,'69791','bgu;17;2720','bgu','17','2720','4','σὺν θ̣(εῷ) ἐ̣γ̣ρ̣(άφη) → συμ̣φ(ωνεῖ) (nach dem Photo), D. Hagedorn, ZPE 138 (2002), S. 115.',71105,'unchecked','cowey','2012-07-05 11:45:52',NULL,NULL,NULL,NULL,4,'e00101000t00002720p00000000s00f00000000c00000000l00000004',NULL,'e00101000t00002720p00000000s00f00000000c00000000l00000004',NULL),(48,45,14,'2728',69800,70,'69800','bgu;17;2728','bgu','17','2728','3','κατὰ γῆν ἑξῆς. ἐπειδὴ δὲ οὐ θέλοντος θέλω ἀπελθεῖν → κατὰ τὴν (sc. ἡμέραν) ἑξῆς, ἐπειδὴ θεοῦ θέλοντος θέλω ἀνελθεῖν (nach dem Photo), D. Hagedorn, ZPE 138 (2002), S. 115.',71105,'unchecked','cowey','2012-07-05 12:00:52',NULL,NULL,NULL,NULL,3,'e00101000t00002728p00000000s00f00000000c00000000l00000003',NULL,'e00101000t00002728p00000000s00f00000000c00000000l00000003',NULL),(49,45,14,'2728',69800,70,'69800','bgu;17;2728','bgu','17','2728','5-6','προσῆλθεν, τῇ αὐτῇ | μεγαλοπρέ(πεια) ἐν τ ̣  ̣  ̣  ̣ γράφοις καὶ →  προσῆλθεν τῇ αὐτο̣ῦ̣ (oder αὐτῶ̣ν̣?) | μεγαλοπρε(πείᾳ) ἐν π̣ρ̣ο̣σ̣γράφοις κατὰ (nach dem Photo), D. Hagedorn, ZPE 138 (2002), S. 115, Anm. 12, aber ἐν τ ̣  ̣  ̣  ̣ γράφοις → ἐν τ̣ο̣ῖ̣ς̣ ἀ̣γράφοις, K. Worp, ZPE 140 (2002), S. 164.',71105,'unchecked','cowey','2012-07-05 12:03:33',NULL,NULL,NULL,NULL,5,'e00101000t00002728p00000000s00f00000000c00000000l00000005',NULL,'e00101000t00002728p00000000s00f00000000c00000000l00000005',NULL),(50,45,14,'2728',69800,70,'69800','bgu;17;2728','bgu','17','2728','7-8','τὸ | [     ] περὶ πεδίον → τὸ | περιπέδιον (l. τὴν περιπέτειαν), D. Hagedorn, ZPE 138 (2002), S. 115-116.',71105,'unchecked','cowey','2012-07-05 12:09:08',NULL,NULL,NULL,NULL,7,'e00101000t00002728p00000000s00f00000000c00000000l00000007',NULL,'e00101000t00002728p00000000s00f00000000c00000000l00000007',NULL),(51,55,14,'52',22589,23,'22589','p.bodl;1;52','p.bodl','1','52',NULL,'Zu datieren: 11.3.457 n.Chr. (gegen B.L. 11, S. 45), N. Gonis, ZPE 138 (2002), S. 140.',71084,'unchecked','cowey','2012-07-05 13:29:44',NULL,NULL,NULL,NULL,NULL,'e00147000t00000052p00000000s00f00000000c00000000l00000000',NULL,'e00147000t00000052p00000000s00f00000000c00000000l00000000',NULL),(52,142,14,'55',39221,40,'39221','cpr;14;55','cpr','14','55','1','ηὗρά → wohl ηὗρόν; weniger wahrscheinlich ist ηὗρώ (nach dem Photo), F. Morelli, ZPE 138 (2002), S. 166, Anm. 7.',71307,'unchecked','cowey','2012-07-05 13:32:43',NULL,NULL,NULL,NULL,1,'e00321000t00000055p00000000s00f00000000c00000000l00000001',NULL,'e00321000t00000055p00000000s00f00000000c00000000l00000001',NULL),(53,142,14,'55',39221,40,'39221','cpr;14;55','cpr','14','55','2','διμίου σταυροῦ → Διμίου Σταυροῦ (l. Τιμίου Σταυροῦ), wohl der Name eines Klosters (vgl. Stud. Pal. 10. 219, Z. 9), F. Morelli, ZPE 138 (2002), S. 159-160.',71307,'unchecked','cowey','2012-07-05 13:34:51',NULL,NULL,NULL,NULL,2,'e00321000t00000055p00000000s00f00000000c00000000l00000002',NULL,'e00321000t00000055p00000000s00f00000000c00000000l00000002',NULL),(54,142,14,'55',39221,40,'39221','cpr;14;55','cpr','14','55','3','Ζίννις ist im Norden des Fayyums unweit von Phanu zu lokalisieren, F. Morelli, ZPE 138 (2002), S. 166-167.',71307,'unchecked','cowey','2012-07-05 13:44:32',NULL,NULL,NULL,NULL,3,'e00321000t00000055p00000000s00f00000000c00000000l00000003',NULL,'e00321000t00000055p00000000s00f00000000c00000000l00000003',NULL),(55,142,14,'55',39221,40,'39221','cpr;14;55','cpr','14','55','3','το[  ̣ ]  ̣  ̣θεοῦ → τοῦ θεοῦ (nach dem Photo), F. Morelli, ZPE 138 (2002), S. 166, Anm. 8.',71307,'unchecked','cowey','2012-07-05 13:46:56',NULL,NULL,NULL,NULL,3,'e00321000t00000055p00000000s00f00000000c00000000l00000003',NULL,'e00321000t00000055p00000000s00f00000000c00000000l00000003',NULL),(56,142,14,'55',39221,40,'39221','cpr;14;55','cpr','14','55','4','Βερενικίς entspricht Βερενικὶς Αἰγιαλοῦ, F. Morelli, ZPE 138 (2002), S. 167.',71307,'unchecked','cowey','2012-07-05 13:48:31',NULL,NULL,NULL,NULL,4,'e00321000t00000055p00000000s00f00000000c00000000l00000004',NULL,'e00321000t00000055p00000000s00f00000000c00000000l00000004',NULL),(57,163,14,'49',10956,11,'10956','p.flor;1;49','p.flor','1','49','R° 7','Ἀπολ̣λ̣ω̣[ν]ίου: viell. Γ̣υ̣μ̣ν̣α̣σ̣ί̣ου (am Original geprüft von I. Andorlini), F. Reiter, ZPE 138 (2002), S. 129, Anm. 2.',71392,'unchecked','cowey','2012-07-05 13:59:42',NULL,'R°',NULL,NULL,7,'e00375000t00000049p00000000sR°f00000000c00000000l00000007',NULL,'e00375000t00000049p00000000sR°f00000000c00000000l00000007',NULL),(58,188,14,'30',11312,12,'11312','p.graux;3;30','p.graux','3','30','VII 13','ἑξαμή(νου) → ἐξ ἀλλη(λεγγύης) (nach dem Photo), D. Hagedorn, ZPE 138 (2002), S. 116.',71105,'unchecked','cowey','2012-07-05 14:34:10',NULL,NULL,NULL,'VII',13,'e00443000t00000030p00000000s00f00000000c00000007l00000013',NULL,'e00443000t00000030p00000000s00f00000000c00000007l00000013',NULL),(59,244,14,'88',37303,38,'37303','p.laur;3;88','p.laur','3','88',NULL,'Nd.: F. Morelli, ZPE 138 (2002), S. 154-155. Abdruck in S.B. 28 vorgesehen.',71307,'unchecked','cowey','2012-07-05 14:39:51',NULL,NULL,NULL,NULL,NULL,'e00552000t00000088p00000000s00f00000000c00000000l00000000',NULL,'e00552000t00000088p00000000s00f00000000c00000000l00000000',NULL),(60,245,14,'182',37310,38,'37310','p.laur;4;182','p.laur','4','182',NULL,'Nd.: F. Morelli, ZPE 138 (2002), S. 155-156. Abdruck in S.B. 28 vorgesehen.',71307,'unchecked','cowey','2012-07-05 14:43:51',NULL,NULL,NULL,NULL,NULL,'e00553000t00000182p00000000s00f00000000c00000000l00000000',NULL,'e00553000t00000182p00000000s00f00000000c00000000l00000000',NULL),(61,357,14,'2412',16928,17,'16928','p.oxy;24;2412','p.oxy','24','2412','125','Nur ιγ (ἔτους) τιμῆς (πυρ.) steht in der Zeile (am Original geprüft von N. Gonis), F. Reiter, ZPE 138 (2002), S. 131, Anm. 19.',71392,'unchecked','cowey','2012-07-05 14:54:47',NULL,NULL,NULL,NULL,125,'e00767000t00002412p00000000s00f00000000c00000000l00000125',NULL,'e00767000t00002412p00000000s00f00000000c00000000l00000125',NULL),(62,384,14,'4059',22537,23,'22537','p.oxy;60;4059','p.oxy','60','4059','14','̣  ̣  ̣  ̣  ̣  ̣  ̣η̣ς̣ → κ̣α̣τ̣α̣σ̣κ̣ε̣υ̣ῆ̣ς̣ δη|[μοσίου, -ας, -ων (nach dem Photo), D. Hagedorn, ZPE 138 (2002), S. 117.',71105,'unchecked','cowey','2012-07-05 14:58:16',NULL,NULL,NULL,NULL,14,'e00794000t00004059p00000000s00f00000000c00000000l00000014',NULL,'e00794000t00004059p00000000s00f00000000c00000000l00000014',NULL),(63,409,14,'181',37490,38,'37490','p.prag;2;181','p.prag','2','181',NULL,'Herkunft vermutlich Arsinoites (vgl. Stud. Pal. 10. 219), F. Morelli, ZPE 138 (2002), S. 164.',71307,'unchecked','cowey','2012-07-05 15:00:30',NULL,NULL,NULL,NULL,NULL,'e00846000t00000181p00000000s00f00000000c00000000l00000000',NULL,'e00846000t00000181p00000000s00f00000000c00000000l00000000',NULL),(64,425,14,'194',12970,13,'12970a','p.ryl;2;194','p.ryl','2','194',NULL,'Möglicherweise aus dem Hermopolites, F. Reiter, ZPE 138 (2002), S. 132, Anm. 32.',71392,'unchecked','cowey','2012-07-05 15:03:48',NULL,NULL,NULL,NULL,NULL,'e00891000t00000194p00000000s00f00000000c00000000l00000000',NULL,'e00891000t00000194p00000000s00f00000000c00000000l00000000',NULL),(65,429,14,'3972',39633,40,'39633','sb;1;3972','sb','1','3972',NULL,'Stammt wohl aus dem Arsinoites, F. Morelli, ZPE 138 (2002), S. 162.',71307,'unchecked','cowey','2012-07-05 15:09:28',NULL,NULL,NULL,NULL,NULL,'e00905000t00003972p00000000s00f00000000c00000000l00000000',NULL,'e00905000t00003972p00000000s00f00000000c00000000l00000000',NULL),(66,429,14,'5299',38383,39,'38383','sb;1;5299','sb','1','5299',NULL,'Stammt wohl aus dem Arsinoites, F. Morelli, ZPE 138 (2002), S. 162.',71307,'unchecked','cowey','2012-07-05 15:10:51',NULL,NULL,NULL,NULL,NULL,'e00905000t00005299p00000000s00f00000000c00000000l00000000',NULL,'e00905000t00005299p00000000s00f00000000c00000000l00000000',NULL),(67,433,14,'9536',31109,32,'31109','p.heid;2;216','p.heid','2','216','6','εἰ δύ’ ἔπεμψα → εἰδο̣ύ (l. ἰδού), ἔπεμψα (nach dem Photo), D. Hagedorn, ZPE 138 (2002), S. 117.',71105,'unchecked','cowey','2012-07-11 10:03:08',NULL,NULL,NULL,NULL,6,'e00909000t00009536p00000000s00f00000000c00000000l00000006',NULL,'e00909000t00009536p00000000s00f00000000c00000000l00000006',NULL),(68,433,14,'9536',31109,32,'31109','p.heid;2;216','p.heid','2','216','1','Ἀσ̣αγ̣ῶ̣ν (oder Ἀγ̣αγ̣ῶ̣ν) → Ἀγάμ̣ων (nach dem Photo), und für die Ergänzung des Namens Ἀπ̣[όλλωνι sind andere Lösungen möglich, D. Hagedorn, ZPE 138 (2002), S. 117.',71105,'unchecked','cowey','2012-07-11 10:07:25',NULL,NULL,NULL,NULL,1,'e00909000t00009536p00000000s00f00000000c00000000l00000001',NULL,'e00909000t00009536p00000000s00f00000000c00000000l00000001',NULL),(69,433,14,'9536',31109,32,'31109','p.heid;2;216','p.heid','2','216','10','εἰ δ’ οὐ → εἰδού (l. ἰδού) (nach dem Photo), D. Hagedorn, ZPE 138 (2002), S. 117.',71105,'unchecked','cowey','2012-07-11 11:06:59',NULL,NULL,NULL,NULL,10,'e00909000t00009536p00000000s00f00000000c00000000l00000010',NULL,'e00909000t00009536p00000000s00f00000000c00000000l00000010',NULL),(70,435,14,'10304',16757,17,'16757','p.mur;2;114','p.mur','2','114',NULL,'Nd.: H.M. Cotton – W. Eck, ZPE 138 (2002), S. 173-178. Abdruck in S.B. 28 vorgesehen.',70964,'unchecked','cowey','2012-07-11 11:40:15',NULL,NULL,NULL,NULL,NULL,'e00911000t00010304p00000000s00f00000000c00000000l00000000',NULL,'e00911000t00010304p00000000s00f00000000c00000000l00000000',NULL),(71,438,14,'12500',14599,15,'14599','sb;16;12500','sb','16','12500','22-24','Viell. → (ἔτους) [ια Αὐρηλίου Ἀντωνίνου] | [Καίσαρο]ς̣ τοῦ κυ[ρίο]υ Ἀρμενια[κοῦ Μηδικοῦ] | [Παρθικ]οῦ μ̣[εγίσ]του Φαμεν[ὼθ κτλ., D. Hagedorn, ZPE 138 (2002), S. 118.',71105,'unchecked','cowey','2012-07-11 11:54:34',NULL,NULL,NULL,NULL,22,'e00914000t00012500p00000000s00f00000000c00000000l00000022',NULL,'e00914000t00012500p00000000s00f00000000c00000000l00000022',NULL),(72,444,14,'103ter',17147,18,'17147','p.sarap;;103ter','p.sarap','','103ter','6-7','πᾶν |  vac.  ὑγια̣ί̣ν̣[ειν → παν|ο̣ι̣κ̣ὶ̣ ὑγια̣ί̣ν̣[ειν (nach dem Photo), D. Hagedorn, ZPE 138 (2002), S. 117.',71105,'unchecked','cowey','2012-07-11 12:01:56',NULL,NULL,NULL,NULL,6,'e00935000t00103terp00000000s00f00000000c00000000l00000006',NULL,'e00935000t00103terp00000000s00f00000000c00000000l00000006',NULL),(73,485,14,'3',38894,39,'38894','stud.pal;10;3','stud.pal','10','3',NULL,'Zu datieren in das 8. Jahrh. n.Chr., F. Morelli, ZPE 138 (2002), S. 167, Anm. 10.',71307,'unchecked','cowey','2012-07-11 12:32:42',NULL,NULL,NULL,NULL,NULL,'e01021000t00000003p00000000s00f00000000c00000000l00000000',NULL,'e01021000t00000003p00000000s00f00000000c00000000l00000000',NULL),(74,485,14,'60',38933,39,'38933','stud.pal;10;60','stud.pal','10','60',NULL,'Zu datieren in das 8. Jahrh. n.Chr., F. Morelli, ZPE 138 (2002), S. 160, Anm. 1.',71307,'unchecked','cowey','2012-07-11 12:36:30',NULL,NULL,NULL,NULL,NULL,'e01021000t00000060p00000000s00f00000000c00000000l00000000',NULL,'e01021000t00000060p00000000s00f00000000c00000000l00000000',NULL),(75,485,14,'60',38933,39,'38933','stud.pal;10;60','stud.pal','10','60','1','ἀ̣παργυ(ρισμὸς) ψω(μίων) δ(ο)θ(έντων) μον(αστηρίῳ) Μ̣α̣κ̣αρί(ου) → ἀπαργυ(ρισμὸς) ψω(μίων) δ(ο)θ(έντων) μοα̣γ(αρίταις) τοῦ νο(μίσματος) α ἀρτ(άβαι) ι (am Original), F. Morelli, ZPE 138 (2002), S. 160, Anm. 1.',71307,'unchecked','cowey','2012-07-11 12:39:04',NULL,NULL,NULL,NULL,1,'e01021000t00000060p00000000s00f00000000c00000000l00000001',NULL,'e01021000t00000060p00000000s00f00000000c00000000l00000001',NULL),(76,485,14,'75',33215,34,'33215','stud.pal;10;75','stud.pal','10','75',NULL,'Zu datieren in das 7. Jahrh. n.Chr., F. Morelli, ZPE 138 (2002), S. 165, Anm. 6.',71307,'unchecked','cowey','2012-07-11 13:40:33',NULL,NULL,NULL,NULL,NULL,'e01021000t00000075p00000000s00f00000000c00000000l00000000',NULL,'e01021000t00000075p00000000s00f00000000c00000000l00000000',NULL),(77,485,14,'75',33215,34,'33215','stud.pal;10;75','stud.pal','10','75','R° A 3','Zu lesen: ]ε̣ρ̣  ̣  ̣τω (κ̣α̣ὶ̣) Πιαγ̣κου φ̣α̣ν̣ά̣τ̣ῃ̣ ἁ̣γ̣ία(ς)  ̣ ἐκκλ̣[η(σίας)] λ(ι)[τ(ὰ)] (κεράτια) η (κ̣α̣ὶ̣) [; nach ἁ̣γ̣ία(ς) viell. μ̣(ε)[γ(άλης)], F. Morelli, ZPE 138 (2002), S. 165, Anm. 6.',NULL,'unchecked','cowey','2012-07-11 13:46:22',NULL,'R°','A',NULL,3,'e01021000t00000075p00000000sR°f0000000Ac00000000l00000003',NULL,'e01021000t00000075p00000000sR°f0000000Ac00000000l00000003',NULL),(78,485,14,'75',33215,34,'33215','stud.pal;10;75','stud.pal','10','75','R° A 4','/ιϟ κνδ α → λ̣(ι)τ̣(ὰ) (κεράτια) ι (καὶ) κν(ί)δ(ιον) α (am Original), F. Morelli, ZPE 138 (2002), S. 165, Anm. 6.',71307,'unchecked','cowey','2012-07-11 13:54:43',NULL,'R°','A',NULL,4,'e01021000t00000075p00000000sR°f0000000Ac00000000l00000004',NULL,'e01021000t00000075p00000000sR°f0000000Ac00000000l00000004',NULL),(79,485,14,'75',33215,34,'33215','stud.pal;10;75','stud.pal','10','75','R° A 5-8','Am Anfang der Zeilen: δ(ο)θ(έντα) oder δ(οθέντα) statt δ(ιά) (am Original), F. Morelli, ZPE 138 (2002), S. 165, Anm. 6.',71307,'unchecked','cowey','2012-07-11 13:55:54',NULL,'R°','A',NULL,5,'e01021000t00000075p00000000sR°f0000000Ac00000000l00000005',NULL,'e01021000t00000075p00000000sR°f0000000Ac00000000l00000005',NULL),(80,485,14,'75',33215,34,'33215','stud.pal;10;75','stud.pal','10','75','R° A 5','Τωρωνεου → Τωρωθ̣έου und am Ende der Zeile ist λ(ι)τ̣(ὰ) (κεράτια) ι (καὶ) κν(ί)δ(ιον) α zu lessen (am Original), F. Morelli, ZPE 138 (2002), S. 165, Anm. 6.',71307,'unchecked','cowey','2012-07-11 13:58:55',NULL,'R°','A',NULL,5,'e01021000t00000075p00000000sR°f0000000Ac00000000l00000005',NULL,'e01021000t00000075p00000000sR°f0000000Ac00000000l00000005',NULL),(81,485,14,'75',33215,34,'33215','stud.pal;10;75','stud.pal','10','75','R° A 6','/ιϟ κνδ α → λ(ι)τ̣(ὰ) (κεράτια) ι (καὶ) κν(ί)δ(ιον) α (am Original), F. Morelli, ZPE 138 (2002), S. 165, Anm. 6.',71307,'unchecked','cowey','2012-07-11 14:22:32',NULL,'R°','A',NULL,6,'e01021000t00000075p00000000sR°f0000000Ac00000000l00000006',NULL,'e01021000t00000075p00000000sR°f0000000Ac00000000l00000006',NULL),(82,485,14,'75',33215,34,'33215','stud.pal;10;75','stud.pal','10','75','R° A 7','Am Ende der Zeile: λ(ι)τ(ὰ) (κεράτια) // κν(ί)δ(ιον) [α (am Original), F. Morelli, ZPE 138 (2002), S. 165, Anm. 6.',71307,'unchecked','cowey','2012-07-11 14:25:21',NULL,'R°','A',NULL,7,'e01021000t00000075p00000000sR°f0000000Ac00000000l00000007',NULL,'e01021000t00000075p00000000sR°f0000000Ac00000000l00000007',NULL),(83,485,14,'75',33215,34,'33215','stud.pal;10;75','stud.pal','10','75','R° A 8','→ τοῦ Ἁγίο(υ) Ἰω(άννου) λ(ι)τ(ὰ) (κεράτια) // κ[ν(ί)δ(ιον)] α (am Original), F. Morelli, ZPE 138 (2002), S. 165, Anm. 6.',71307,'unchecked','cowey','2012-07-11 14:31:54',NULL,'R°','A',NULL,8,'e01021000t00000075p00000000sR°f0000000Ac00000000l00000008',NULL,'e01021000t00000075p00000000sR°f0000000Ac00000000l00000008',NULL),(84,485,14,'75',33215,34,'33215','stud.pal;10;75','stud.pal','10','75','V° 8','ιζ → ις (am Original), F. Morelli, ZPE 138 (2002), S. 165, Anm. 6.',71307,'unchecked','cowey','2012-07-11 14:48:37',NULL,'V°',NULL,NULL,8,'e01021000t00000075p00000000sV°f00000000c00000000l00000008',NULL,'e01021000t00000075p00000000sV°f00000000c00000000l00000008',NULL),(85,485,14,'75',33215,34,'33215','stud.pal;10;75','stud.pal','10','75','V° 17','το[ῦ ἐπ]ι[σ]κόπου → το[ῦ Ἁγ]ίου (am Original); der Name des Heiligen ist unklar, F. Morelli, ZPE 138 (2002), S. 165, Anm. 6.',71307,'unchecked','cowey','2012-07-11 14:58:49',NULL,'V°',NULL,NULL,17,'e01021000t00000075p00000000sV°f00000000c00000000l00000017',NULL,'e01021000t00000075p00000000sV°f00000000c00000000l00000017',NULL),(86,485,14,'77',37037,38,'37037','stud.pal;10;77','stud.pal','10','77',NULL,'Zu datieren in das 7.-8. Jahrh. n.Chr., F. Morelli, ZPE 138 (2002), S. 167, Anm. 10.',71307,'unchecked','cowey','2012-07-11 15:12:48',NULL,NULL,NULL,NULL,NULL,'e01021000t00000077p00000000s00f00000000c00000000l00000000',NULL,'e01021000t00000077p00000000s00f00000000c00000000l00000000',NULL),(87,485,14,'77',37037,38,'37037','stud.pal;10;77','stud.pal','10','77','1','Πεννο( ) κ(εφαλαιώτης) τῶ(ν) ἁλιέων → σ̣ὺ̣ν νο(μίσμασι) β τῶν ἁλιέων (am Original), F. Morelli, ZPE 138 (2002), S. 167, Anm. 10.',71307,'unchecked','cowey','2012-07-11 15:14:36',NULL,NULL,NULL,NULL,1,'e01021000t00000077p00000000s00f00000000c00000000l00000001',NULL,'e01021000t00000077p00000000s00f00000000c00000000l00000001',NULL),(88,485,14,'147',38967,39,'38967','stud.pal;10;147','stud.pal','10','147',NULL,'Zu datieren in das 8. Jahrh. n.Chr., F. Morelli, ZPE 138 (2002), S. 167, Anm. 10.',71307,'unchecked','cowey','2012-07-11 15:18:56',NULL,NULL,NULL,NULL,NULL,'e01021000t00000147p00000000s00f00000000c00000000l00000000',NULL,'e01021000t00000147p00000000s00f00000000c00000000l00000000',NULL),(89,485,14,'162',37051,38,'37051','stud.pal;10;162','stud.pal','10','162',NULL,'Zu datieren in das 7.-8. Jahrh. n.Chr., F. Morelli, ZPE 138 (2002), S. 167, Anm. 10.',71307,'unchecked','cowey','2012-07-11 15:20:48',NULL,NULL,NULL,NULL,NULL,'e01021000t00000162p00000000s00f00000000c00000000l00000000',NULL,'e01021000t00000162p00000000s00f00000000c00000000l00000000',NULL),(90,485,14,'215',39000,39,'39000','stud.pal;10;215','stud.pal','10','215',NULL,'Nd.: F. Morelli, ZPE 138 (2002), S. 149-153. Abdruck in S.B. 28 vorgesehen.',71311,'unchecked','cowey','2012-07-11 15:23:40',NULL,NULL,NULL,NULL,NULL,'e01021000t00000215p00000000s00f00000000c00000000l00000000',NULL,'e01021000t00000215p00000000s00f00000000c00000000l00000000',NULL),(91,489,14,'154',36585,37,'36585','stud.pal;20;154','stud.pal','20','154',NULL,'Zu datieren in das 7. Jahrh. n.Chr., F. Morelli, ZPE 138 (2002), S. 166.',71307,'unchecked','cowey','2012-07-11 15:28:40',NULL,NULL,NULL,NULL,NULL,'e01025000t00000154p00000000s00f00000000c00000000l00000000',NULL,'e01025000t00000154p00000000s00f00000000c00000000l00000000',NULL),(92,489,14,'238',38809,39,'38809','stud.pal;20;238','stud.pal','20','238',NULL,'Gehört in den Arsinoites., F. Morelli, ZPE 138 (2002), S. 162.',71307,'unchecked','cowey','2012-07-11 15:40:41',NULL,NULL,NULL,NULL,NULL,'e01025000t00000238p00000000s00f00000000c00000000l00000000',NULL,'e01025000t00000238p00000000s00f00000000c00000000l00000000',NULL),(93,515,14,'14',13675,14,'13675a','p.vind.sal;;14','p.vind.sal','','14',NULL,'Zu datieren: 4.5.243 n.Chr. (Jahr unsicher) für die Quittung in Z. 1-8 und 243-244 (?) für Z. 9-13 (vgl. ZPE 139 (2002), S. 148). Die Herkunft ist wohl Herakleopolis, F. Reiter, ZPE 138 (2002), S. 129-130.',71392,'unchecked','cowey','2012-07-11 16:25:33',NULL,NULL,NULL,NULL,NULL,'e01105000t00000014p00000000s00f00000000c00000000l00000000',NULL,'e01105000t00000014p00000000s00f00000000c00000000l00000000',NULL),(94,515,14,'14',13675,14,'13675a','p.vind.sal;;14','p.vind.sal','','14','4','ἀ(πὸ) Ἀπ[ο]λλων̣ί̣ο̣υ̣ [ἀμ]φ̣[ό]δ̣ο̣[υ] → (πρότερον) Ἀπ[ο]λλωνίου [ἀμ]φ̣[ο]δ̣α̣(ρχίας) (nach dem Photo), F. Reiter, ZPE 138 (2002), S. 129-130.',71392,'unchecked','cowey','2012-07-11 16:28:23',NULL,NULL,NULL,NULL,4,'e01105000t00000014p00000000s00f00000000c00000000l00000004',NULL,'e01105000t00000014p00000000s00f00000000c00000000l00000004',NULL),(95,515,14,'14',13675,14,'13675a','p.vind.sal;;14','p.vind.sal','','14','11','ἀ(πὸ) Ἀπολλ]ωνίου ἀμφό`δ´(ου) → (πρότερον) Ἀπολλ]ωνίου ἀμφοδ(αρχίας) (nach dem Photo), F. Reiter, ZPE 138 (2002), S. 129-130.',71392,'unchecked','cowey','2012-07-11 16:32:23',NULL,NULL,NULL,NULL,11,'e01105000t00000014p00000000s00f00000000c00000000l00000011',NULL,'e01105000t00000014p00000000s00f00000000c00000000l00000011',NULL),(96,494,14,'341',13498,14,'13498','p.tebt;2;341','p.tebt','2','341','16','βf09085b5π̣δ → βf09085b5γιβ (nach dem Photo), D. Hagedorn, ZPE 138 (2002), S. 118.',71105,'unchecked','cowey','2012-07-11 16:49:27',NULL,NULL,NULL,NULL,16,'e01031000t00000341p00000000s00f00000000c00000000l00000016',NULL,'e01031000t00000341p00000000s00f00000000c00000000l00000016',NULL),(97,494,14,'341',13498,14,'13498','p.tebt;2;341','p.tebt','2','341','16','***',71105,'unchecked','cowey','2012-07-11 16:49:47',NULL,NULL,NULL,NULL,16,'e01031000t00000341p00000000s00f00000000c00000000l00000016',NULL,'e01031000t00000341p00000000s00f00000000c00000000l00000016',NULL),(98,494,14,'341',13498,14,'13498','p.tebt;2;341','p.tebt','2','341','16','***',71105,'unchecked','cowey','2012-07-11 16:50:00',NULL,NULL,NULL,NULL,16,'e01031000t00000341p00000000s00f00000000c00000000l00000016',NULL,'e01031000t00000341p00000000s00f00000000c00000000l00000016',NULL),(99,518,14,'58',34869,35,'34869','p.wash.univ;1;58','p.wash.univ','1','58','2','κληρόσι → κ(υρίᾳ) [oder κυ̣ρ̣(ίᾳ)?] Ἡραεῖ (nach dem Photo), F. Morelli, ZPE 138 (2002), S. 156-157.',71312,'unchecked','cowey','2012-07-11 17:14:30',NULL,NULL,NULL,NULL,2,'e01120000t00000058p00000000s00f00000000c00000000l00000002',NULL,'e01120000t00000058p00000000s00f00000000c00000000l00000002',NULL),(100,518,14,'58',34869,35,'34869','p.wash.univ;1;58','p.wash.univ','1','58','3-4, 6-11, 16','(κεράτιον) → ζ(εῦγος) (nach dem Photo), F. Morelli, ZPE 138 (2002), S. 157-158.',NULL,'unchecked','cowey','2012-07-11 17:16:06',NULL,NULL,NULL,NULL,3,'e01120000t00000058p00000000s00f00000000c00000000l00000003',NULL,'e01120000t00000058p00000000s00f00000000c00000000l00000003',NULL),(101,445,14,'12b',110142,111,'110142','p.sijp;;12b','p.sijp','','12b','4','ὁμολογία]ν: viell. συγχώρησι]ν, F. Mitthof, APF 55 (2009), S. 157.',77830,'unchecked','cowey','2012-08-01 14:06:45',NULL,NULL,NULL,NULL,4,'e00935100t0000012bp00000000s00f00000000c00000000l00000004',NULL,'e00935100t0000012bp00000000s00f00000000c00000000l00000004',NULL),(102,445,14,'12b',110142,111,'110142','p.sijp;;12b','p.sijp','','12b','7','τ]ῆς ἡγεμονίας → wohl ὑπο τ]ῆς ἡγεμονίας, F. Mitthof, APF 55 (2009), S. 157.',77830,'unchecked','klett','2012-08-08 15:05:39',NULL,NULL,NULL,NULL,7,'e00935100t0000012bp00000000s00f00000000c00000000l00000007',NULL,'e00935100t0000012bp00000000s00f00000000c00000000l00000007',NULL),(103,445,14,'11a',110137,111,'110137','p.sijp;;11','p.sijp','','11','15','ἐάν τι[ς ἐξ ἡμῶν → wohl nur ἐάν τι[ς, F. Mitthof, APF 55 (2009), S. 156.',77830,'unchecked','klett','2012-08-15 14:58:38',NULL,NULL,NULL,NULL,15,'e00935100t0000011ap00000000s00f00000000c00000000l00000015',NULL,'e00935100t0000011ap00000000s00f00000000c00000000l00000015',NULL),(104,445,14,'11a',110137,111,'110137','p.sijp;;11','p.sijp','','11','17','πενταχόεια ρλε [ ]: viell. πενταχοείας . . . [ ], F. Mitthof, APF 55 (2009), S. 156.',77830,'unchecked','klett','2012-08-15 15:17:20',NULL,NULL,NULL,NULL,17,'e00935100t0000011ap00000000s00f00000000c00000000l00000017',NULL,'e00935100t0000011ap00000000s00f00000000c00000000l00000017',NULL),(105,445,14,'20',110154,111,'110154','p.sijp;;20','p.sijp','','20',NULL,'Zu datieren: 169/170 n.Chr. (gegen die Angabe der Hg.), F. Mitthof, APF 55 (2009), S. 159.',77830,'unchecked','klett','2012-08-16 15:38:21',NULL,NULL,NULL,NULL,NULL,'e00935100t00000020p00000000s00f00000000c00000000l00000000',NULL,'e00935100t00000020p00000000s00f00000000c00000000l00000000',NULL),(106,445,14,'25',110159,111,'110159','p.sijp;;25','p.sijp','','25',NULL,'Zu datieren: 24.05.699 oder 714 (so der Hg.) oder 24.05.698 oder 713, F. Mitthof, APF 55 (2009), S. 162.',77830,'unchecked','klett','2012-08-16 16:01:33',NULL,NULL,NULL,NULL,NULL,'e00935100t00000025p00000000s00f00000000c00000000l00000000',NULL,'e00935100t00000025p00000000s00f00000000c00000000l00000000',NULL),(107,445,14,'27',8692,9,'8692','p.sijp;;27','p.sijp','','27',NULL,'Zu datieren: 25.07. - 10.08.69 n.Chr. (Druckfehler in der Datumsangabe: 27.07.), F. Mitthof, APF 55 (2009), S. 163.',77830,'unchecked','klett','2012-08-16 16:12:17',NULL,NULL,NULL,NULL,NULL,'e00935100t00000027p00000000s00f00000000c00000000l00000000',NULL,'e00935100t00000027p00000000s00f00000000c00000000l00000000',NULL);
/*!40000 ALTER TABLE `correction` ENABLE KEYS */;
UNLOCK TABLES;

--
-- Table structure for table `edition`
--

DROP TABLE IF EXISTS `edition`;
/*!40101 SET @saved_cs_client     = @@character_set_client */;
/*!40101 SET character_set_client = utf8 */;
CREATE TABLE `edition` (
  `id` int(11) NOT NULL auto_increment,
  `sort` int(11) NOT NULL,
  `title` longtext NOT NULL,
  `material` longtext NOT NULL,
  `collection` longtext NOT NULL,
  `volume` longtext,
  `remark` longtext,
  PRIMARY KEY  (`id`)
) ENGINE=InnoDB AUTO_INCREMENT=578 DEFAULT CHARSET=utf8;
/*!40101 SET character_set_client = @saved_cs_client */;

--
-- Dumping data for table `edition`
--

LOCK TABLES `edition` WRITE;
/*!40000 ALTER TABLE `edition` DISABLE KEYS */;
INSERT INTO `edition` VALUES (1,0,'Allgemeines','Papyrus','Allgemeines',NULL,NULL),(2,5000,'P. Aberd.','Papyrus','P. Aberd.',NULL,NULL),(3,10000,'P. Abinn.','Papyrus','P. Abinn.',NULL,NULL),(4,15000,'P. Achmîm','Papyrus','P. Achmîm',NULL,NULL),(5,20000,'P. Adler','Papyrus','P. Adler',NULL,NULL),(6,25000,'P. Alex.','Papyrus','P. Alex.',NULL,NULL),(7,30000,'P. Alex.Giss.','Papyrus','P. Alex.Giss.',NULL,NULL),(8,36000,'P. Amh. 2','Papyrus','P. Amh.','2',NULL),(9,39000,'P. Ammon','Papyrus','P. Ammon',NULL,NULL),(10,40000,'P. Amst. 1','Papyrus','P. Amst.','1',NULL),(11,45000,'P. Antin. 1','Papyrus','P. Antin.','1',NULL),(12,46000,'P. Antin. 2','Papyrus','P. Antin.','2',NULL),(13,47000,'P. Antin. 3','Papyrus','P. Antin.','3',NULL),(14,49000,'P. Apa Apollo','Papyrus','P. Apa Apollo',NULL,NULL),(15,50000,'P. Apoll.','Papyrus','P. Apoll.',NULL,NULL),(16,55000,'Archiv 1','Papyrus','Archiv','1',NULL),(17,56000,'Archiv 2','Papyrus','Archiv','2',NULL),(18,57000,'Archiv 3','Papyrus','Archiv','3',NULL),(19,58000,'Archiv 4','Papyrus','Archiv','4',NULL),(20,59000,'Archiv 5','Papyrus','Archiv','5',NULL),(21,65000,'P. Ashm. 1','Papyrus','P. Ashm.','1',NULL),(22,70000,'P. Baden 2','Papyrus','P. Baden','2',NULL),(23,71000,'P. Baden 4','Papyrus','P. Baden','4',NULL),(24,72000,'P. Baden 6','Papyrus','P. Baden','6',NULL),(25,74000,'P. Bala’izah 2','Papyrus','P. Bala’izah','2',NULL),(26,75000,'P. Bas.','Papyrus','P. Bas.',NULL,NULL),(27,80000,'P. Beatty Panop.','Papyrus','P. Beatty Panop.',NULL,NULL),(28,81000,'P. Ben.Mus. 1','Papyrus','P. Ben.Mus.','1',NULL),(29,85000,'B.G.U. 1','Papyrus','B.G.U.','1',NULL),(30,86000,'B.G.U. 2','Papyrus','B.G.U.','2',NULL),(31,87000,'B.G.U. 3','Papyrus','B.G.U.','3',NULL),(32,88000,'B.G.U. 4','Papyrus','B.G.U.','4',NULL),(33,89000,'B.G.U. 5','Papyrus','B.G.U.','5',NULL),(34,90000,'B.G.U. 6','Papyrus','B.G.U.','6',NULL),(35,91000,'B.G.U. 7','Papyrus','B.G.U.','7',NULL),(36,92000,'B.G.U. 8','Papyrus','B.G.U.','8',NULL),(37,93000,'B.G.U. 9','Papyrus','B.G.U.','9',NULL),(38,94000,'B.G.U. 10','Papyrus','B.G.U.','10',NULL),(39,95000,'B.G.U. 11','Papyrus','B.G.U.','11',NULL),(40,96000,'B.G.U. 12','Papyrus','B.G.U.','12',NULL),(41,97000,'B.G.U. 13','Papyrus','B.G.U.','13',NULL),(42,98000,'B.G.U. 14','Papyrus','B.G.U.','14',NULL),(43,99000,'B.G.U. 15','Papyrus','B.G.U.','15',NULL),(44,100000,'B.G.U. 16','Papyrus','B.G.U.','16',NULL),(45,101000,'B.G.U. 17','Papyrus','B.G.U.','17',NULL),(46,102000,'B.G.U. 18 (P. Berl.Bork. → P. Panop.Borkowski)','Papyrus','B.G.U.','18','P. Berl.Bork. → P. Panop.Borkowski'),(47,125000,'P. Berl.Frisk','Papyrus','P. Berl.Frisk',NULL,NULL),(48,130000,'P. Berl.Leihg. 1','Papyrus','P. Berl.Leihg.','1',NULL),(49,131000,'P. Berl.Leihg. 2','Papyrus','P. Berl.Leihg.','2',NULL),(50,135000,'P. Berl.Möller','Papyrus','P. Berl.Möller',NULL,NULL),(51,138000,'P. Berl.Salmen.','Papyrus','P. Berl.Salmen.',NULL,NULL),(52,140000,'P. Berl.Sarischouli','Papyrus','P. Berl.Sarischouli',NULL,NULL),(53,145000,'P. Berl.Zilliacus','Papyrus','P. Berl.Zilliacus',NULL,NULL),(54,146000,'P. Bingen','Papyrus','P. Bingen',NULL,NULL),(55,147000,'P. Bodl. 1','Papyrus','P. Bodl.','1',NULL),(56,150000,'P. Bon.','Papyrus','P. Bon.',NULL,NULL),(57,155000,'P. Bouriant','Papyrus','P. Bouriant',NULL,NULL),(58,160000,'P. Brem.','Papyrus','P. Brem.',NULL,NULL),(59,163000,'P. Brooklyn','Papyrus','P. Brooklyn',NULL,NULL),(60,165000,'P. Brux. 1','Papyrus','P. Brux.','1',NULL),(61,166000,'P. Brux. 2','Papyrus','P. Brux.','2',NULL),(62,167000,'P. Bub. 1','Papyrus','P. Bub.','1',NULL),(63,168000,'P. Bub. 2','Papyrus','P. Bub.','2',NULL),(64,170000,'P. Cairo Goodspeed','Papyrus','P. Cairo Goodspeed',NULL,NULL),(65,174000,'P. Cairo Isidor.','Papyrus','P. Cairo Isidor.',NULL,NULL),(66,175000,'P. Cairo Masp. 1','Papyrus','P. Cairo Masp.','1',NULL),(67,176000,'P. Cairo Masp. 2','Papyrus','P. Cairo Masp.','2',NULL),(68,177000,'P. Cairo Masp. 3','Papyrus','P. Cairo Masp.','3',NULL),(69,180000,'P. Cairo Mich.','Papyrus','P. Cairo Mich.',NULL,NULL),(70,185000,'P. Cairo Preis.','Papyrus','P. Cairo Preis.',NULL,NULL),(71,190000,'P. Cairo Zen. 1','Papyrus','P. Cairo Zen.','1',NULL),(72,191000,'P. Cairo Zen. 2','Papyrus','P. Cairo Zen.','2',NULL),(73,192000,'P. Cairo Zen. 3','Papyrus','P. Cairo Zen.','3',NULL),(74,193000,'P. Cairo Zen. 4','Papyrus','P. Cairo Zen.','4',NULL),(75,194000,'P. Cairo Zen. 5','Papyrus','P. Cairo Zen.','5',NULL),(76,200000,'P. Charite','Papyrus','P. Charite',NULL,NULL),(77,205000,'Chartae Latinae 1','Papyrus','Chartae Latinae','1',NULL),(78,206000,'Chartae Latinae 2','Papyrus','Chartae Latinae','2',NULL),(79,207000,'Chartae Latinae 3','Papyrus','Chartae Latinae','3',NULL),(80,208000,'Chartae Latinae 4','Papyrus','Chartae Latinae','4',NULL),(81,209000,'Chartae Latinae 5','Papyrus','Chartae Latinae','5',NULL),(82,210000,'Chartae Latinae 6','Papyrus','Chartae Latinae','6',NULL),(83,211000,'Chartae Latinae 7','Papyrus','Chartae Latinae','7',NULL),(84,212000,'Chartae Latinae 8','Papyrus','Chartae Latinae','8',NULL),(85,213000,'Chartae Latinae 9','Papyrus','Chartae Latinae','9',NULL),(86,214000,'Chartae Latinae 10','Papyrus','Chartae Latinae','10',NULL),(87,215000,'Chartae Latinae 11','Papyrus','Chartae Latinae','11',NULL),(88,216000,'Chartae Latinae 12','Papyrus','Chartae Latinae','12',NULL),(89,217000,'Chartae Latinae 13','Papyrus','Chartae Latinae','13',NULL),(90,218000,'Chartae Latinae 14','Papyrus','Chartae Latinae','14',NULL),(91,219000,'Chartae Latinae 15','Papyrus','Chartae Latinae','15',NULL),(92,220000,'Chartae Latinae 16','Papyrus','Chartae Latinae','16',NULL),(93,221000,'Chartae Latinae 17','Papyrus','Chartae Latinae','17',NULL),(94,222000,'Chartae Latinae 18','Papyrus','Chartae Latinae','18',NULL),(95,223000,'Chartae Latinae 19','Papyrus','Chartae Latinae','19',NULL),(96,224000,'Chartae Latinae 20','Papyrus','Chartae Latinae','20',NULL),(97,225000,'Chartae Latinae 21','Papyrus','Chartae Latinae','21',NULL),(98,226000,'Chartae Latinae 22','Papyrus','Chartae Latinae','22',NULL),(99,227000,'Chartae Latinae 23','Papyrus','Chartae Latinae','23',NULL),(100,228000,'Chartae Latinae 24','Papyrus','Chartae Latinae','24',NULL),(101,229000,'Chartae Latinae 25','Papyrus','Chartae Latinae','25',NULL),(102,230000,'Chartae Latinae 26','Papyrus','Chartae Latinae','26',NULL),(103,231000,'Chartae Latinae 27','Papyrus','Chartae Latinae','27',NULL),(104,232000,'Chartae Latinae 28','Papyrus','Chartae Latinae','28',NULL),(105,233000,'Chartae Latinae 29','Papyrus','Chartae Latinae','29',NULL),(106,234000,'Chartae Latinae 30','Papyrus','Chartae Latinae','30',NULL),(107,235000,'Chartae Latinae 43','Papyrus','Chartae Latinae','43',NULL),(108,236000,'Chartae Latinae 47','Papyrus','Chartae Latinae','47',NULL),(109,255000,'P. Chic.','Papyrus','P. Chic.',NULL,NULL),(110,257000,'P. Chic.Hawara','Papyrus','P. Chic.Hawara',NULL,NULL),(111,265000,'P. Coll.Youtie 1','Papyrus','P. Coll.Youtie','1',NULL),(112,266000,'P. Coll.Youtie 2','Papyrus','P. Coll.Youtie','2',NULL),(113,270000,'P. Colt Ness. 3','Papyrus','P. Colt Ness.','3',NULL),(114,275000,'P. Col. 1','Papyrus','P. Col.','1',NULL),(115,276000,'P. Col. 2','Papyrus','P. Col.','2',NULL),(116,277000,'P. Col. 5','Papyrus','P. Col.','5',NULL),(117,278000,'P. Col. 6','Papyrus','P. Col.','6',NULL),(118,279000,'P. Col. 7','Papyrus','P. Col.','7',NULL),(119,280000,'P. Col. 8','Papyrus','P. Col.','8',NULL),(120,281000,'P. Col. 9','Papyrus','P. Col.','9',NULL),(121,282000,'P. Col. 10','Papyrus','P. Col.','10',NULL),(122,283000,'P. Col. 11','Papyrus','P. Col.','11',NULL),(123,285000,'P. Col.Zen. 1','Papyrus','P. Col.Zen.','1',NULL),(124,286000,'P. Col.Zen. 2','Papyrus','P. Col.Zen.','2',NULL),(125,287000,'P. XV Congr.','Papyrus','P. XV Congr.',NULL,NULL),(126,290000,'P. Cornell','Papyrus','P. Cornell',NULL,NULL),(127,295000,'C.E.M.L.','Papyrus','C.E.M.L.',NULL,NULL),(128,300000,'C.Ord.Ptol.','Papyrus','C.Ord.Ptol.',NULL,NULL),(129,305000,'C.P.J. 1','Papyrus','C.P.J.','1',NULL),(130,306000,'C.P.J. 2','Papyrus','C.P.J.','2',NULL),(131,310000,'C.P.R. 1','Papyrus','C.P.R.','1',NULL),(132,311000,'C.P.R. 4','Papyrus','C.P.R.','4',NULL),(133,312000,'C.P.R. 5','Papyrus','C.P.R.','5',NULL),(134,313000,'C.P.R. 6','Papyrus','C.P.R.','6',NULL),(135,314000,'C.P.R. 7','Papyrus','C.P.R.','7',NULL),(136,315000,'C.P.R. 8','Papyrus','C.P.R.','8',NULL),(137,316000,'C.P.R. 9','Papyrus','C.P.R.','9',NULL),(138,317000,'C.P.R. 10','Papyrus','C.P.R.','10',NULL),(139,318000,'C.P.R. 11','Papyrus','C.P.R.','11',NULL),(140,319000,'C.P.R. 12','Papyrus','C.P.R.','12',NULL),(141,320000,'C.P.R. 13','Papyrus','C.P.R.','13',NULL),(142,321000,'C.P.R. 14','Papyrus','C.P.R.','14',NULL),(143,322000,'C.P.R. 15','Papyrus','C.P.R.','15',NULL),(144,324000,'C.P.R. 17A','Papyrus','C.P.R.','17A',NULL),(145,325000,'C.P.R. 17B','Papyrus','C.P.R.','17B',NULL),(146,326000,'C.P.R. 18','Papyrus','C.P.R.','18',NULL),(147,326001,'C.P.R. 19','Papyrus','C.P.R.','19',NULL),(148,327000,'C.P.R. 21','Papyrus','C.P.R.','21',NULL),(149,335000,'P. Customs','Papyrus','P. Customs',NULL,NULL),(150,337000,'P. Diog.','Papyrus','P. Diog.',NULL,NULL),(151,338000,'P. Doc.Masada','Papyrus','P. Doc.Masada',NULL,NULL),(152,339000,'P. Dub.','Papyrus','P. Dub.',NULL,NULL),(153,340000,'P. Dura','Papyrus','P. Dura',NULL,NULL),(154,345000,'P. Edfou 1','Papyrus','P. Edfou','1',NULL),(155,346000,'P. Edfou 2','Papyrus','P. Edfou','2',NULL),(156,350000,'P. Eleph.','Papyrus','P. Eleph.',NULL,NULL),(157,351000,'P. Eleph. D.A.I.K.','Papyrus','P. Eleph. D.A.I.K.',NULL,NULL),(158,355000,'P. Enteuxeis','Papyrus','P. Enteuxeis',NULL,NULL),(159,360000,'P. Erasm. 1','Papyrus','P. Erasm.','1',NULL),(160,361000,'P. Erasm. 2','Papyrus','P. Erasm.','2',NULL),(161,365000,'P. Erlangen','Papyrus','P. Erlangen',NULL,NULL),(162,370000,'P. Fay.','Papyrus','P. Fay.',NULL,NULL),(163,375000,'P. Flor. 1','Papyrus','P. Flor.','1',NULL),(164,376000,'P. Flor. 2','Papyrus','P. Flor.','2',NULL),(165,377000,'P. Flor. 3','Papyrus','P. Flor.','3',NULL),(166,380000,'P. Fouad','Papyrus','P. Fouad',NULL,NULL),(167,385000,'P. Fouad Crawford','Papyrus','P. Fouad Crawford',NULL,NULL),(168,390000,'P. Frankf.','Papyrus','P. Frankf.',NULL,NULL),(169,395000,'P. Freib. 1','Papyrus','P. Freib.','1',NULL),(170,396000,'P. Freib. 2','Papyrus','P. Freib.','2',NULL),(171,397000,'P. Freib. 3','Papyrus','P. Freib.','3',NULL),(172,398000,'P. Freib. 4','Papyrus','P. Freib.','4',NULL),(173,405000,'P. Genf 1','Papyrus','P. Genf','1',NULL),(174,406000,'P. Genf 2','Papyrus','P. Genf','2',NULL),(175,407000,'P. Genf 3','Papyrus','P. Genf','3',NULL),(176,408000,'P. Genf 12','Papyrus','P. Genf','12',NULL),(177,415000,'P. Giss.','Papyrus','P. Giss.',NULL,NULL),(178,418000,'P. Giss.Apoll.','Papyrus','P. Giss.Apoll.',NULL,NULL),(179,420000,'P. Giss.Bibl. 1','Papyrus','P. Giss.Bibl.','1',NULL),(180,421000,'P. Giss.Bibl. 2','Papyrus','P. Giss.Bibl.','2',NULL),(181,422000,'P. Giss.Bibl. 3','Papyrus','P. Giss.Bibl.','3',NULL),(182,423000,'P. Giss.Bibl. 4','Papyrus','P. Giss.Bibl.','4',NULL),(183,424000,'P. Giss.Bibl. 5','Papyrus','P. Giss.Bibl.','5',NULL),(184,425000,'P. Giss.Bibl. 6','Papyrus','P. Giss.Bibl.','6',NULL),(185,435000,'P. Got.','Papyrus','P. Got.',NULL,NULL),(186,440000,'P. Grad.','Papyrus','P. Grad.',NULL,NULL),(187,442000,'P. Graux 2','Papyrus','P. Graux','2',NULL),(188,443000,'P. Graux 3','Papyrus','P. Graux','3',NULL),(189,445000,'P. Grenf. 1','Papyrus','P. Grenf.','1',NULL),(190,446000,'P. Grenf. 2','Papyrus','P. Grenf.','2',NULL),(191,450000,'P. Gron.','Papyrus','P. Gron.',NULL,NULL),(192,455000,'P. Gurob','Papyrus','P. Gurob',NULL,NULL),(193,460000,'P. Hal.','Papyrus','P. Hal.',NULL,NULL),(194,465000,'P. Hamb. 1','Papyrus','P. Hamb.','1',NULL),(195,466000,'P. Hamb. 2','Papyrus','P. Hamb.','2',NULL),(196,467000,'P. Hamb. 3','Papyrus','P. Hamb.','3',NULL),(197,468000,'P. Hamb. 4','Papyrus','P. Hamb.','4',NULL),(198,469000,'P. Harrauer','Papyrus','P. Harrauer',NULL,NULL),(199,470000,'P. Harr. 1','Papyrus','P. Harr.','1',NULL),(200,471000,'P. Harr. 2','Papyrus','P. Harr.','2',NULL),(201,475000,'P. Haun. 1','Papyrus','P. Haun.','1',NULL),(202,476000,'P. Haun. 2','Papyrus','P. Haun.','2',NULL),(203,477000,'P. Haun. 3','Papyrus','P. Haun.','3',NULL),(204,480000,'P. Heid. 1','Papyrus','P. Heid.','1',NULL),(205,481000,'P. Heid. 2','Papyrus','P. Heid.','2',NULL),(206,482000,'P. Heid. 3','Papyrus','P. Heid.','3',NULL),(207,483000,'P. Heid. 4','Papyrus','P. Heid.','4',NULL),(208,484000,'P. Heid. 5','Papyrus','P. Heid.','5',NULL),(209,485000,'P. Heid. 6','Papyrus','P. Heid.','6',NULL),(210,486000,'P. Heid. 7','Papyrus','P. Heid.','7',NULL),(211,487000,'P. Heid. 8','Papyrus','P. Heid.','8',NULL),(212,488000,'P. Hels. 1','Papyrus','P. Hels.','1',NULL),(213,490000,'P. Herm.Rees','Papyrus','P. Herm.Rees',NULL,NULL),(214,492000,'P. Hever','Papyrus','P. Hever',NULL,NULL),(215,495000,'P. Hib. 1','Papyrus','P. Hib.','1',NULL),(216,496000,'P. Hib. 2','Papyrus','P. Hib.','2',NULL),(217,500000,'P. I.F.A.O. 1','Papyrus','P. I.F.A.O.','1',NULL),(218,501000,'P. I.F.A.O. 2','Papyrus','P. I.F.A.O.','2',NULL),(219,502000,'P. I.F.A.O. 3','Papyrus','P. I.F.A.O.','3',NULL),(220,505000,'P. Jand. 2','Papyrus','P. Jand.','2',NULL),(221,506000,'P. Jand. 3','Papyrus','P. Jand.','3',NULL),(222,507000,'P. Jand. 4','Papyrus','P. Jand.','4',NULL),(223,508000,'P. Jand. 5','Papyrus','P. Jand.','5',NULL),(224,509000,'P. Jand. 6','Papyrus','P. Jand.','6',NULL),(225,510000,'P. Jand. 7','Papyrus','P. Jand.','7',NULL),(226,511000,'P. Jand. 8','Papyrus','P. Jand.','8',NULL),(227,513000,'P.Jud.Des.Misc.','Papyrus','P.Jud.Des.Misc.',NULL,NULL),(228,515000,'P. Kellis 1','Papyrus','P. Kellis','1',NULL),(229,518000,'P. Kellis 4 Gr. 96','Papyrus','P. Kellis','4',NULL),(230,520000,'P. Köln 1','Papyrus','P. Köln','1',NULL),(231,521000,'P. Köln 2','Papyrus','P. Köln','2',NULL),(232,522000,'P. Köln 3','Papyrus','P. Köln','3',NULL),(233,523000,'P. Köln 4','Papyrus','P. Köln','4',NULL),(234,524000,'P. Köln 5','Papyrus','P. Köln','5',NULL),(235,525000,'P. Köln 6','Papyrus','P. Köln','6',NULL),(236,526000,'P. Köln 7','Papyrus','P. Köln','7',NULL),(237,527000,'P. Köln 8','Papyrus','P. Köln','8',NULL),(238,528000,'P. Köln 9','Papyrus','P. Köln','9',NULL),(239,530000,'P. Köln ägypt. 1','Papyrus','P. Köln ägypt.','1',NULL),(240,540000,'P. Kron.','Papyrus','P. Kron.',NULL,NULL),(241,545000,'P. Landlisten','Papyrus','P. Landlisten',NULL,NULL),(242,550000,'P. Laur. 1','Papyrus','P. Laur.','1',NULL),(243,551000,'P. Laur. 2','Papyrus','P. Laur.','2',NULL),(244,552000,'P. Laur. 3','Papyrus','P. Laur.','3',NULL),(245,553000,'P. Laur. 4','Papyrus','P. Laur.','4',NULL),(246,554000,'P. Laur. 5','Papyrus','P. Laur.','5',NULL),(247,565000,'P. Leid.','Papyrus','P. Leid.',NULL,NULL),(248,570000,'P. Leit.','Papyrus','P. Leit.',NULL,NULL),(249,575000,'P. Lille 1','Papyrus','P. Lille','1',NULL),(250,576000,'P. Lille 2','Papyrus','P. Lille','2',NULL),(251,579000,'P. Lips.','Papyrus','P. Lips.',NULL,NULL),(252,579001,'P. Lips. 2','Papyrus','P. Lips.','2',NULL),(253,580000,'P. Lond. 1','Papyrus','P. Lond.','1',NULL),(254,581000,'P. Lond. 2','Papyrus','P. Lond.','2',NULL),(255,582000,'P. Lond. 3','Papyrus','P. Lond.','3',NULL),(256,583000,'P. Lond. 4','Papyrus','P. Lond.','4',NULL),(257,584000,'P. Lond. 5','Papyrus','P. Lond.','5',NULL),(258,585000,'P. Lond. 6','Papyrus','P. Lond.','6',NULL),(259,586000,'P. Lond. 7','Papyrus','P. Lond.','7',NULL),(260,587000,'P. Louvre 1','Papyrus','P. Louvre','1',NULL),(261,590000,'P. L.Bat. 1','Papyrus','P. L.Bat.','1',NULL),(262,591000,'P. L.Bat. 2','Papyrus','P. L.Bat.','2',NULL),(263,592000,'P. L.Bat. 3','Papyrus','P. L.Bat.','3',NULL),(264,593000,'P. L.Bat. 5','Papyrus','P. L.Bat.','5',NULL),(265,594000,'P. L.Bat. 6','Papyrus','P. L.Bat.','6',NULL),(266,595000,'P. L.Bat. 11','Papyrus','P. L.Bat.','11',NULL),(267,596000,'P. L.Bat. 13','Papyrus','P. L.Bat.','13',NULL),(268,597000,'P. L.Bat. 16','Papyrus','P. L.Bat.','16',NULL),(269,598000,'P. L.Bat. 17','Papyrus','P. L.Bat.','17',NULL),(270,599000,'P. L.Bat. 19','Papyrus','P. L.Bat.','19',NULL),(271,600000,'P. L.Bat. 20','Papyrus','P. L.Bat.','20',NULL),(272,601000,'P. L.Bat. 22','Papyrus','P. L.Bat.','22',NULL),(273,602000,'P. L.Bat. 23','Papyrus','P. L.Bat.','23',NULL),(274,603000,'P. L.Bat. 25','Papyrus','P. L.Bat.','25',NULL),(275,604000,'P. L.Bat. 26','Papyrus','P. L.Bat.','26',NULL),(276,605000,'P. L.Bat. 27','Papyrus','P. L.Bat.','27',NULL),(277,607000,'P. L.Bat. 29','Papyrus','P. L.Bat.','29',NULL),(278,608000,'P. L.Bat. 30','Papyrus','P. L.Bat.','30',NULL),(279,609000,'P.L.Bat. 32','Papyrus','P.L.Bat.','32',NULL),(280,614000,'P. Lund. 1','Papyrus','P. Lund.','1',NULL),(281,615000,'P. Lund 2','Papyrus','P. Lund','2',NULL),(282,616000,'P. Lund 3','Papyrus','P. Lund','3',NULL),(283,617000,'P. Lund 4','Papyrus','P. Lund','4',NULL),(284,618000,'P. Lund 6','Papyrus','P. Lund','6',NULL),(285,625000,'P. Marmarica (P. Masada → P. Doc.Masada)','Papyrus','P. Marmarica',NULL,'P. Masada → P. Doc.Masada'),(286,627000,'P. Matr.','Papyrus','P. Matr.',NULL,NULL),(287,630000,'P. Medinet Madi','Papyrus','P. Medinet Madi',NULL,NULL),(288,635000,'P. Med. 1 Aufl. 1','Papyrus','P. Med.','1',NULL),(289,636000,'P. Med. 1 Aufl. 2','Papyrus','P. Med.','1',NULL),(290,640000,'P. Merton 1','Papyrus','P. Merton','1',NULL),(291,641000,'P. Merton 2','Papyrus','P. Merton','2',NULL),(292,642000,'P. Merton 3','Papyrus','P. Merton','3',NULL),(293,645000,'P. Meyer','Papyrus','P. Meyer',NULL,NULL),(294,650000,'Meyer, Juristische Papyri','Papyrus','Meyer, Juristische Papyri',NULL,NULL),(295,655000,'P. Michael.','Papyrus','P. Michael.',NULL,NULL),(296,660000,'P. Mich. 2','Papyrus','P. Mich.','2',NULL),(297,661000,'P. Mich. 3','Papyrus','P. Mich.','3',NULL),(298,662000,'P. Mich. 4 Teil 1','Papyrus','P. Mich.','4',NULL),(299,663000,'P. Mich. 4 Teil 2','Papyrus','P. Mich.','4',NULL),(300,664000,'P. Mich. 5','Papyrus','P. Mich.','5',NULL),(301,665000,'P. Mich. 6','Papyrus','P. Mich.','6',NULL),(302,666000,'P. Mich. 7','Papyrus','P. Mich.','7',NULL),(303,667000,'P. Mich. 8','Papyrus','P. Mich.','8',NULL),(304,668000,'P. Mich. 9','Papyrus','P. Mich.','9',NULL),(305,669000,'P. Mich. 10','Papyrus','P. Mich.','10',NULL),(306,670000,'P. Mich. 11','Papyrus','P. Mich.','11',NULL),(307,671000,'P. Mich. 12','Papyrus','P. Mich.','12',NULL),(308,672000,'P. Mich. 13','Papyrus','P. Mich.','13',NULL),(309,673000,'P. Mich. 14','Papyrus','P. Mich.','14',NULL),(310,674000,'P. Mich. 15','Papyrus','P. Mich.','15',NULL),(311,675000,'P. Mich. 16','Papyrus','P. Mich.','16',NULL),(312,676000,'P. Mich. 17','Papyrus','P. Mich.','17',NULL),(313,677000,'P. Mich. 18','Papyrus','P. Mich.','18',NULL),(314,678000,'P. Mich. 19','Papyrus','P. Mich.','19',NULL),(315,685000,'P. Mich.Zen.','Papyrus','P. Mich.Zen.',NULL,NULL),(316,690000,'P. Mil.','Papyrus','P. Mil.',NULL,NULL),(317,695000,'P. Mil.Vogl. 1','Papyrus','P. Mil.Vogl.','1',NULL),(318,696000,'P. Mil.Vogl. 2','Papyrus','P. Mil.Vogl.','2',NULL),(319,697000,'P. Mil.Vogl. 3','Papyrus','P. Mil.Vogl.','3',NULL),(320,698000,'P. Mil.Vogl. 4','Papyrus','P. Mil.Vogl.','4',NULL),(321,699000,'P. Mil.Vogl. 6','Papyrus','P. Mil.Vogl.','6',NULL),(322,700000,'P. Mil.Vogl. 7','Papyrus','P. Mil.Vogl.','7',NULL),(323,705000,'M.P.E.R 13','Papyrus','M.P.E.R','13',NULL),(324,706000,'M.P.E.R 15','Papyrus','M.P.E.R','15',NULL),(325,707000,'M.P.E.R 17','Papyrus','M.P.E.R','17',NULL),(326,708000,'M.P.E.R 18','Papyrus','M.P.E.R','18',NULL),(327,710000,'Mitteis, Chrest.','Papyrus','Mitteis, Chrest.',NULL,NULL),(328,715000,'P. Mon. 1','Papyrus','P. Mon.','1',NULL),(329,717000,'P. Mon. 3','Papyrus','P. Mon.','3',NULL),(330,718000,'P. Mon.Apollo','Papyrus','P. Mon.Apollo',NULL,NULL),(331,719000,'P. Mon.Epiph.','Papyrus','P. Mon.Epiph.',NULL,NULL),(332,720000,'P. Mon.Phoeb.','Papyrus','P. Mon.Phoeb.',NULL,NULL),(333,730000,'P. Nag Hammadi','Papyrus','P. Nag Hammadi',NULL,NULL),(334,732000,'P. Naqlun 1','Papyrus','P. Naqlun','1',NULL),(335,735000,'P. Neph.','Papyrus','P. Neph.',NULL,NULL),(336,740000,'P. New York 1','Papyrus','P. New York','1',NULL),(337,741000,'P. New York 2','Papyrus','P. New York','2',NULL),(338,746000,'P. Oslo 2','Papyrus','P. Oslo','2',NULL),(339,747000,'P. Oslo 3','Papyrus','P. Oslo','3',NULL),(340,750000,'P. Oxy. 1','Papyrus','P. Oxy.','1',NULL),(341,751000,'P. Oxy. 2','Papyrus','P. Oxy.','2',NULL),(342,752000,'P. Oxy. 3','Papyrus','P. Oxy.','3',NULL),(343,753000,'P. Oxy. 4','Papyrus','P. Oxy.','4',NULL),(344,754000,'P. Oxy. 6','Papyrus','P. Oxy.','6',NULL),(345,755000,'P. Oxy. 7','Papyrus','P. Oxy.','7',NULL),(346,756000,'P. Oxy. 8','Papyrus','P. Oxy.','8',NULL),(347,757000,'P. Oxy. 9','Papyrus','P. Oxy.','9',NULL),(348,758000,'P. Oxy. 10','Papyrus','P. Oxy.','10',NULL),(349,759000,'P. Oxy. 12','Papyrus','P. Oxy.','12',NULL),(350,760000,'P. Oxy. 14','Papyrus','P. Oxy.','14',NULL),(351,761000,'P. Oxy. 16','Papyrus','P. Oxy.','16',NULL),(352,762000,'P. Oxy. 17','Papyrus','P. Oxy.','17',NULL),(353,763000,'P. Oxy. 18','Papyrus','P. Oxy.','18',NULL),(354,764000,'P. Oxy. 19','Papyrus','P. Oxy.','19',NULL),(355,765000,'P. Oxy. 20','Papyrus','P. Oxy.','20',NULL),(356,766000,'P. Oxy. 22','Papyrus','P. Oxy.','22',NULL),(357,767000,'P. Oxy. 24','Papyrus','P. Oxy.','24',NULL),(358,768000,'P. Oxy. 25','Papyrus','P. Oxy.','25',NULL),(359,769000,'P. Oxy. 27','Papyrus','P. Oxy.','27',NULL),(360,770000,'P. Oxy. 31','Papyrus','P. Oxy.','31',NULL),(361,771000,'P. Oxy. 33','Papyrus','P. Oxy.','33',NULL),(362,772000,'P. Oxy. 34','Papyrus','P. Oxy.','34',NULL),(363,773000,'P. Oxy. 36','Papyrus','P. Oxy.','36',NULL),(364,774000,'P. Oxy. 38','Papyrus','P. Oxy.','38',NULL),(365,775000,'P. Oxy. 40','Papyrus','P. Oxy.','40',NULL),(366,776000,'P. Oxy. 41','Papyrus','P. Oxy.','41',NULL),(367,777000,'P. Oxy. 42','Papyrus','P. Oxy.','42',NULL),(368,778000,'P. Oxy. 43','Papyrus','P. Oxy.','43',NULL),(369,779000,'P. Oxy. 44','Papyrus','P. Oxy.','44',NULL),(370,780000,'P. Oxy. 45','Papyrus','P. Oxy.','45',NULL),(371,781000,'P. Oxy. 46','Papyrus','P. Oxy.','46',NULL),(372,782000,'P. Oxy. 47','Papyrus','P. Oxy.','47',NULL),(373,783000,'P. Oxy. 48','Papyrus','P. Oxy.','48',NULL),(374,784000,'P. Oxy. 49','Papyrus','P. Oxy.','49',NULL),(375,785000,'P. Oxy. 50','Papyrus','P. Oxy.','50',NULL),(376,786000,'P. Oxy. 51','Papyrus','P. Oxy.','51',NULL),(377,787000,'P. Oxy. 52','Papyrus','P. Oxy.','52',NULL),(378,788000,'P. Oxy. 54','Papyrus','P. Oxy.','54',NULL),(379,789000,'P. Oxy. 55','Papyrus','P. Oxy.','55',NULL),(380,790000,'P. Oxy. 56','Papyrus','P. Oxy.','56',NULL),(381,791000,'P. Oxy. 57','Papyrus','P. Oxy.','57',NULL),(382,792000,'P. Oxy. 58','Papyrus','P. Oxy.','58',NULL),(383,793000,'P. Oxy. 59','Papyrus','P. Oxy.','59',NULL),(384,794000,'P. Oxy. 60','Papyrus','P. Oxy.','60',NULL),(385,794001,'P. Oxy. 61','Papyrus','P. Oxy.','61',NULL),(386,795000,'P. Oxy. 62','Papyrus','P. Oxy.','62',NULL),(387,796000,'P. Oxy. 63','Papyrus','P. Oxy.','63',NULL),(388,797000,'P. Oxy. 64','Papyrus','P. Oxy.','64',NULL),(389,798000,'P. Oxy. 65','Papyrus','P. Oxy.','65',NULL),(390,799000,'P. Oxy. 66','Papyrus','P. Oxy.','66',NULL),(391,800000,'P. Oxy. 67','Papyrus','P. Oxy.','67',NULL),(392,809000,'P. Oxy.Census','Papyrus','P. Oxy.Census',NULL,NULL),(393,810000,'P. Oxy.Hels.','Papyrus','P. Oxy.Hels.',NULL,NULL),(394,812000,'P. Palau Rib.','Papyrus','P. Palau Rib.',NULL,NULL),(395,815000,'P. Panop.','Papyrus','P. Panop.',NULL,NULL),(396,820000,'P. Panop.Borkowski','Papyrus','P. Panop.Borkowski',NULL,NULL),(397,825000,'P. Par.','Papyrus','P. Par.',NULL,NULL),(398,830000,'P. Petaüs','Papyrus','P. Petaüs',NULL,NULL),(399,832000,'P. Petra','Papyrus','P. Petra',NULL,NULL),(400,835000,'P. Petr. 1','Papyrus','P. Petr.','1',NULL),(401,836000,'P. Petr. 2','Papyrus','P. Petr.','2',NULL),(402,837000,'P. Petr. 3','Papyrus','P. Petr.','3',NULL),(403,838000,'P. Petr. (2. Aufl.) 1','Papyrus','P. Petr.','1','2. Aufl.'),(404,839000,'P. Pher.','Papyrus','P. Pher.',NULL,NULL),(405,840000,'P. Phil.','Papyrus','P. Phil.',NULL,NULL),(406,842000,'P. Polit. lud.','Papyrus','P. Polit. lud.',NULL,NULL),(407,843000,'P. Pommersf.','Papyrus','P. Pommersf.',NULL,NULL),(408,845000,'P. Prag. 1','Papyrus','P. Prag.','1',NULL),(409,846000,'P. Prag. 2','Papyrus','P. Prag.','2',NULL),(410,855000,'P. Princ.Univ. 1','Papyrus','P. Princ.Univ.','1',NULL),(411,856000,'P. Princ.Univ. 2','Papyrus','P. Princ.Univ.','2',NULL),(412,857000,'P. Princ.Univ. 3','Papyrus','P. Princ.Univ.','3',NULL),(413,860000,'P. Rainer Cent.','Papyrus','P. Rainer Cent.',NULL,NULL),(414,865000,'Recueil 1','Papyrus','Recueil','1',NULL),(415,866000,'Recueil 2','Papyrus','Recueil','2',NULL),(416,870000,'P. Rein. 1','Papyrus','P. Rein.','1',NULL),(417,871000,'P. Rein. 2','Papyrus','P. Rein.','2',NULL),(418,875000,'Rev.Laws','Papyrus','Rev.Laws',NULL,NULL),(419,880000,'P. Ross.-Georg. 1','Papyrus','P. Ross.-Georg.','1',NULL),(420,881000,'P. Ross.-Georg. 2','Papyrus','P. Ross.-Georg.','2',NULL),(421,882000,'P. Ross.-Georg. 3','Papyrus','P. Ross.-Georg.','3',NULL),(422,883000,'P. Ross.-Georg. 4','Papyrus','P. Ross.-Georg.','4',NULL),(423,884000,'P. Ross.-Georg. 5','Papyrus','P. Ross.-Georg.','5',NULL),(424,890000,'P. Ryl. 1','Papyrus','P. Ryl.','1',NULL),(425,891000,'P. Ryl. 2','Papyrus','P. Ryl.','2',NULL),(426,892000,'P. Ryl. 3','Papyrus','P. Ryl.','3',NULL),(427,893000,'P. Ryl. 4','Papyrus','P. Ryl.','4',NULL),(428,900000,'P. Sakaon','Papyrus','P. Sakaon',NULL,NULL),(429,905000,'S.B. 1','Papyrus','S.B.','1',NULL),(430,906000,'S.B. 3','Papyrus','S.B.','3',NULL),(431,907000,'S.B. 4','Papyrus','S.B.','4',NULL),(432,908000,'S.B. 5','Papyrus','S.B.','5',NULL),(433,909000,'S.B. 6','Papyrus','S.B.','6',NULL),(434,910000,'S.B. 8','Papyrus','S.B.','8',NULL),(435,911000,'S.B. 10','Papyrus','S.B.','10',NULL),(436,912000,'S.B. 12','Papyrus','S.B.','12',NULL),(437,913000,'S.B. 14','Papyrus','S.B.','14',NULL),(438,914000,'S.B. 16','Papyrus','S.B.','16',NULL),(439,915000,'S.B. 18','Papyrus','S.B.','18',NULL),(440,916000,'S.B. 20','Papyrus','S.B.','20',NULL),(441,917000,'S.B. 22','Papyrus','S.B.','22',NULL),(442,918000,'S.B. 24','Papyrus','S.B.','24',NULL),(443,919000,'S.B. 26','Papyrus','S.B.','26',NULL),(444,935000,'P. Sarap.','Papyrus','P. Sarap.',NULL,NULL),(445,935100,'P. Sijp.','Papyrus','P. Sijp.',NULL,NULL),(446,940000,'P. S.A.Athen.','Papyrus','P. S.A.Athen.',NULL,NULL),(447,945000,'P. Soc. 1','Papyrus','P. Soc.','1',NULL),(448,946000,'P. Soc. 2','Papyrus','P. Soc.','2',NULL),(449,947000,'P. Soc. 3','Papyrus','P. Soc.','3',NULL),(450,948000,'P. Soc. 4','Papyrus','P. Soc.','4',NULL),(451,949000,'P. Soc. 5','Papyrus','P. Soc.','5',NULL),(452,950000,'P. Soc. 6','Papyrus','P. Soc.','6',NULL),(453,951000,'P. Soc. 7','Papyrus','P. Soc.','7',NULL),(454,952000,'P. Soc. 8','Papyrus','P. Soc.','8',NULL),(455,953000,'P. Soc. 9','Papyrus','P. Soc.','9',NULL),(456,954000,'P. Soc. 10','Papyrus','P. Soc.','10',NULL),(457,955000,'P. Soc. 11','Papyrus','P. Soc.','11',NULL),(458,956000,'P. Soc. 12','Papyrus','P. Soc.','12',NULL),(459,957000,'P. Soc. 13','Papyrus','P. Soc.','13',NULL),(460,958000,'P. Soc. 14','Papyrus','P. Soc.','14',NULL),(461,959000,'P. Soc. 15','Papyrus','P. Soc.','15',NULL),(462,970000,'P. Soc. XI Congr.','Papyrus','P. Soc. XI Congr.',NULL,NULL),(463,975000,'P. Soc. XVII Congr.','Papyrus','P. Soc. XVII Congr.',NULL,NULL),(464,976000,'P. Soc. XX Congr.','Papyrus','P. Soc. XX Congr.',NULL,NULL),(465,977000,'P. Soc. XXI Congr.','Papyrus','P. Soc. XXI Congr.',NULL,NULL),(466,985000,'P. Sorb. 1','Papyrus','P. Sorb.','1',NULL),(467,986000,'P. Sorb. 2 (69)','Papyrus','P. Sorb.','2','69'),(468,990000,'P. Soterichos','Papyrus','P. Soterichos',NULL,NULL),(469,993000,'P. Sta.Xyla','Papyrus','P. Sta.Xyla',NULL,NULL),(470,995000,'P. Strasb. 1','Papyrus','P. Strasb.','1',NULL),(471,996000,'P. Strasb. 2','Papyrus','P. Strasb.','2',NULL),(472,997000,'P. Strasb. 3','Papyrus','P. Strasb.','3',NULL),(473,998000,'P. Strasb. 4','Papyrus','P. Strasb.','4',NULL),(474,999000,'P. Strasb. 5','Papyrus','P. Strasb.','5',NULL),(475,1000000,'P. Strasb. 6','Papyrus','P. Strasb.','6',NULL),(476,1001000,'P. Strasb. 7','Papyrus','P. Strasb.','7',NULL),(477,1002000,'P. Strasb. 8','Papyrus','P. Strasb.','8',NULL),(478,1003000,'P. Strasb. 9','Papyrus','P. Strasb.','9',NULL),(479,1015000,'Stud.Pal. 1','Papyrus','Stud.Pal.','1',NULL),(480,1016000,'Stud.Pal. 2','Papyrus','Stud.Pal.','2',NULL),(481,1017000,'Stud.Pal. 3','Papyrus','Stud.Pal.','3',NULL),(482,1018000,'Stud.Pal. 4','Papyrus','Stud.Pal.','4',NULL),(483,1019000,'Stud.Pal. 5','Papyrus','Stud.Pal.','5',NULL),(484,1020000,'Stud.Pal. 8','Papyrus','Stud.Pal.','8',NULL),(485,1021000,'Stud.Pal. 10','Papyrus','Stud.Pal.','10',NULL),(486,1022000,'Stud.Pal. 13','Papyrus','Stud.Pal.','13',NULL),(487,1023000,'Stud.Pal. 14','Papyrus','Stud.Pal.','14',NULL),(488,1024000,'Stud.Pal. 17','Papyrus','Stud.Pal.','17',NULL),(489,1025000,'Stud.Pal. 20','Papyrus','Stud.Pal.','20',NULL),(490,1026000,'Stud.Pal. 22','Papyrus','Stud.Pal.','22',NULL),(491,1027000,'Stud.Pal. 23 Teil 1','Papyrus','Stud.Pal.','23',NULL),(492,1028000,'Stud.Pal. 23 Teil 2','Papyrus','Stud.Pal.','23',NULL),(493,1030000,'P. Tebt. 1','Papyrus','P. Tebt.','1',NULL),(494,1031000,'P. Tebt. 2','Papyrus','P. Tebt.','2',NULL),(495,1032000,'P. Tebt. 3 Teil 1','Papyrus','P. Tebt.','3',NULL),(496,1033000,'P. Tebt. 3 Teil 2','Papyrus','P. Tebt.','3',NULL),(497,1034000,'P. Tebt. 4','Papyrus','P. Tebt.','4',NULL),(498,1040000,'P. Tebt.Tait','Papyrus','P. Tebt.Tait',NULL,NULL),(499,1050000,'P. Theones','Papyrus','P. Theones',NULL,NULL),(500,1055000,'P. Thmouis 1','Papyrus','P. Thmouis','1',NULL),(501,1058000,'P. Thomas','Papyrus','P. Thomas',NULL,NULL),(502,1060000,'P. Tor.Amenothes','Papyrus','P. Tor.Amenothes',NULL,NULL),(503,1061000,'P. Tor.Choachiti','Papyrus','P. Tor.Choachiti',NULL,NULL),(504,1065000,'P. Turin','Papyrus','P. Turin',NULL,NULL),(505,1070000,'P. Turner','Papyrus','P. Turner',NULL,NULL),(506,1075000,'P.U.G. 1','Papyrus','P.U.G.','1',NULL),(507,1076000,'P.U.G. 2','Papyrus','P.U.G.','2',NULL),(508,1077000,'P.U.G. 3','Papyrus','P.U.G.','3',NULL),(509,1080000,'P. Ups. 8','Papyrus','P. Ups.','8',NULL),(510,1085000,'P. Ups.Frid.','Papyrus','P. Ups.Frid.',NULL,NULL),(511,1090000,'U.P.Z. 1','Papyrus','U.P.Z.','1',NULL),(512,1091000,'U.P.Z. 2','Papyrus','U.P.Z.','2',NULL),(513,1095000,'P. Vars.','Papyrus','P. Vars.',NULL,NULL),(514,1100000,'P. Vatic.Aphr.','Papyrus','P. Vatic.Aphr.',NULL,NULL),(515,1105000,'P. Vindob.Salomons','Papyrus','P. Vindob.Salomons',NULL,NULL),(516,1110000,'P. Vindob.Tandem','Papyrus','P. Vindob.Tandem',NULL,NULL),(517,1115000,'P. Vindob.Worp','Papyrus','P. Vindob.Worp',NULL,NULL),(518,1120000,'P. Wash.Univ. 1','Papyrus','P. Wash.Univ.','1',NULL),(519,1121000,'P. Wash.Univ. 2','Papyrus','P. Wash.Univ.','2',NULL),(520,1125000,'Wilcken, Chrest.','Papyrus','Wilcken, Chrest.',NULL,NULL),(521,1135000,'P. Wisc. 2','Papyrus','P. Wisc.','2',NULL),(522,1140000,'P. Würzb.','Papyrus','P. Würzb.',NULL,NULL),(523,1143000,'P. Yadin','Papyrus','P. Yadin',NULL,NULL),(524,1144000,'P. Yadin 2','Papyrus','P. Yadin','2',NULL),(525,1145000,'P. Yale 1','Papyrus','P. Yale','1',NULL),(526,1146000,'P. Yale 2','Papyrus','P. Yale','2',NULL),(527,1147000,'P. Yale 3','Papyrus','P. Yale','3',NULL),(528,1150000,'O. Aberd.','Ostrakon','O. Aberd.',NULL,NULL),(529,1155000,'O. Amst.','Ostrakon','O. Amst.',NULL,NULL),(530,1158000,'O. Ashm.Shelton','Ostrakon','O. Ashm.Shelton',NULL,NULL),(531,1160000,'O. Baden 4','Ostrakon','O. Baden','4',NULL),(532,1162000,'O. Berenike 1','Ostrakon','O. Berenike','1',NULL),(533,1165000,'O. Brüss.-Berl.','Ostrakon','O. Brüss.-Berl.',NULL,NULL),(534,1166000,'O. Cairo Cat.','Ostrakon','O. Cairo Cat.',NULL,NULL),(535,1167000,'O. Cairo G.P.W.','Ostrakon','O. Cairo G.P.W.',NULL,NULL),(536,1168000,'O. Claud. 1','Ostrakon','O. Claud.','1',NULL),(537,1169000,'O. Claud. 2','Ostrakon','O. Claud.','2',NULL),(538,1169001,'O. Claud. 3','Ostrakon','O. Claud.','3',NULL),(539,1170000,'O. Douch 1','Ostrakon','O. Douch','1',NULL),(540,1171000,'O. Douch 2','Ostrakon','O. Douch','2',NULL),(541,1172000,'O. Douch 3','Ostrakon','O. Douch','3',NULL),(542,1173000,'O. Douch 4','Ostrakon','O. Douch','4',NULL),(543,1174000,'O. Douch 5','Ostrakon','O. Douch','5',NULL),(544,1175000,'O. Edfou 1','Ostrakon','O. Edfou','1',NULL),(545,1176000,'O. Edfou 2','Ostrakon','O. Edfou','2',NULL),(546,1177000,'O. Edfou 3','Ostrakon','O. Edfou','3',NULL),(547,1178000,'O. Eleph.D.A.I.K.','Ostrakon','O. Eleph.D.A.I.K.',NULL,NULL),(548,1179000,'O. Elkab gr.','Ostrakon','O. Elkab gr.',NULL,NULL),(549,1180000,'O. Fay.','Ostrakon','O. Fay.',NULL,NULL),(550,1185000,'O. Florida','Ostrakon','O. Florida',NULL,NULL),(551,1190000,'O. Heid. 3','Ostrakon','O. Heid.','3',NULL),(552,1193000,'O. Joachim','Ostrakon','O. Joachim',NULL,NULL),(553,1195000,'O. Krok. 1','Ostrakon','O. Krok.','1',NULL),(554,1200000,'O. Leid.','Ostrakon','O. Leid.',NULL,NULL),(555,1205000,'O. Lund.','Ostrakon','O. Lund.',NULL,NULL),(556,1210000,'O. Medinet Madi','Ostrakon','O. Medinet Madi',NULL,NULL),(557,1215000,'O. Meyer','Ostrakon','O. Meyer',NULL,NULL),(558,1220000,'O. Mich. 1','Ostrakon','O. Mich.','1',NULL),(559,1221000,'O. Mich. 2','Ostrakon','O. Mich.','2',NULL),(560,1222000,'O. Mich. 3','Ostrakon','O. Mich.','3',NULL),(561,1223000,'O. Dem.Narmuthis 1','Ostrakon','O. Dem.Narmuthis','1',NULL),(562,1224000,'O. Gr.Narmuthis 1','Ostrakon','O. Gr.Narmuthis','1',NULL),(563,1225000,'O. Ont.Mus. 1','Ostrakon','O. Ont.Mus.','1',NULL),(564,1226000,'O. Ont.Mus. 2','Ostrakon','O. Ont.Mus.','2',NULL),(565,1230000,'O. Oslo','Ostrakon','O. Oslo',NULL,NULL),(566,1240000,'O. Soc. 3','Ostrakon','O. Soc.','3',NULL),(567,1241000,'O. Soc. 8','Ostrakon','O. Soc.','8',NULL),(568,1245000,'O. Strasb.','Ostrakon','O. Strasb.',NULL,NULL),(569,1250000,'O. Tait 1','Ostrakon','O. Tait','1',NULL),(570,1251000,'O. Tait 2','Ostrakon','O. Tait','2',NULL),(571,1255000,'O. Tebt.Pad. 1','Ostrakon','O. Tebt.Pad.','1',NULL),(572,1260000,'O. Theb.','Ostrakon','O. Theb.',NULL,NULL),(573,1262000,'O. Waqfa','Ostrakon','O. Waqfa',NULL,NULL),(574,1265000,'O. Wilb.-Brk.','Ostrakon','O. Wilb.-Brk.',NULL,NULL),(575,1270000,'O. Wilcken 1','Ostrakon','O. Wilcken','1',NULL),(576,1271000,'O. Wilcken 2','Ostrakon','O. Wilcken','2',NULL),(577,1300000,'Tavolette Varie','Ostrakon','Tavolette Varie',NULL,NULL);
/*!40000 ALTER TABLE `edition` ENABLE KEYS */;
UNLOCK TABLES;

--
-- Table structure for table `ext_log_entries`
--

DROP TABLE IF EXISTS `ext_log_entries`;
/*!40101 SET @saved_cs_client     = @@character_set_client */;
/*!40101 SET character_set_client = utf8 */;
CREATE TABLE `ext_log_entries` (
  `id` int(11) NOT NULL auto_increment,
  `action` varchar(8) NOT NULL,
  `logged_at` datetime NOT NULL,
  `object_id` varchar(32) default NULL,
  `object_class` varchar(255) NOT NULL,
  `version` int(11) NOT NULL,
  `data` longtext COMMENT '(DC2Type:array)',
  `username` varchar(255) default NULL,
  PRIMARY KEY  (`id`),
  KEY `log_class_lookup_idx` (`object_class`),
  KEY `log_date_lookup_idx` (`logged_at`),
  KEY `log_user_lookup_idx` (`username`)
) ENGINE=InnoDB AUTO_INCREMENT=329 DEFAULT CHARSET=utf8;
/*!40101 SET character_set_client = @saved_cs_client */;

--
-- Dumping data for table `ext_log_entries`
--

LOCK TABLES `ext_log_entries` WRITE;
/*!40000 ALTER TABLE `ext_log_entries` DISABLE KEYS */;
INSERT INTO `ext_log_entries` VALUES (1,'create','2012-03-07 10:22:02','1','Papyrillio\\BeehiveBundle\\Entity\\Task',1,'a:2:{s:11:\"description\";s:97:\"add Bemerkung HGV (via James?) Zum Datum vgl. P. Oxy. 68. 4681, Anm. zu Z. 9-11. or whole remark?\";s:7:\"cleared\";N;}',NULL),(2,'create','2012-03-07 10:22:02','1','Papyrillio\\BeehiveBundle\\Entity\\Correction',1,'a:3:{s:8:\"position\";s:5:\"10-11\";s:11:\"description\";s:97:\"Die Indiktion hat schon vor dem 1. Thoth angefangen, vgl. dazu P. Oxy. 68. 4681, Anm. zu Z. 9-11.\";s:6:\"status\";s:9:\"unchecked\";}',NULL),(3,'create','2012-03-07 10:22:02','2','Papyrillio\\BeehiveBundle\\Entity\\Task',1,'a:2:{s:11:\"description\";s:65:\"add HGV: Abbildung: J.-L. Fournet, in: Des Alexandries II, S. 79.\";s:7:\"cleared\";N;}',NULL),(4,'create','2012-03-07 10:22:02','2','Papyrillio\\BeehiveBundle\\Entity\\Correction',1,'a:3:{s:8:\"position\";s:3:\"R°\";s:11:\"description\";s:52:\"Photo: J.-L. Fournet, in: Des Alexandries II, S. 79.\";s:6:\"status\";s:9:\"unchecked\";}',NULL),(5,'create','2012-03-07 10:22:02','3','Papyrillio\\BeehiveBundle\\Entity\\Task',1,'a:2:{s:11:\"description\";s:75:\"add comlete remark, followed by [BL 13], in DDbDP commentary-line via SoSOL\";s:7:\"cleared\";N;}',NULL),(6,'create','2012-03-07 10:22:02','3','Papyrillio\\BeehiveBundle\\Entity\\Correction',1,'a:3:{s:8:\"position\";s:3:\"7-8\";s:11:\"description\";s:110:\"Zu Ἀντ̣ι|[νοείῳ vgl. J.-Y. Strasser, B.C.H. 128-129 (2004-2005), S. 467, Anm. 226 (zu P. Agon. 9).\";s:6:\"status\";s:9:\"unchecked\";}',NULL),(7,'create','2012-03-07 10:22:02','4','Papyrillio\\BeehiveBundle\\Entity\\Task',1,'a:2:{s:11:\"description\";s:14:\"already in HGV\";s:7:\"cleared\";O:8:\"DateTime\":3:{s:4:\"date\";s:19:\"2012-01-01 00:00:00\";s:13:\"timezone_type\";i:3;s:8:\"timezone\";s:13:\"Europe/Berlin\";}}',NULL),(8,'create','2012-03-07 10:22:02','4','Papyrillio\\BeehiveBundle\\Entity\\Correction',1,'a:3:{s:8:\"position\";N;s:11:\"description\";s:60:\"Herkunft: Oxyrhynchites, P. Oxy. 68. 4685 V°, Anm. zu Z. 1.\";s:6:\"status\";s:9:\"unchecked\";}',NULL),(9,'create','2012-03-07 10:22:02','5','Papyrillio\\BeehiveBundle\\Entity\\Task',1,'a:2:{s:11:\"description\";s:14:\"already in HGV\";s:7:\"cleared\";O:8:\"DateTime\":3:{s:4:\"date\";s:19:\"2012-01-01 00:00:00\";s:13:\"timezone_type\";i:3;s:8:\"timezone\";s:13:\"Europe/Berlin\";}}',NULL),(10,'create','2012-03-07 10:22:02','6','Papyrillio\\BeehiveBundle\\Entity\\Task',1,'a:2:{s:11:\"description\";s:147:\"identities for Trismegistos (form wil be functional ca. february 2012) Theodoros 378673 =  387422; Leukadios 378678 = 387455 and perhaps = 374820.\";s:7:\"cleared\";N;}',NULL),(11,'create','2012-03-07 10:22:02','5','Papyrillio\\BeehiveBundle\\Entity\\Correction',1,'a:3:{s:8:\"position\";s:1:\"2\";s:11:\"description\";s:167:\"Derselbe Theodoros Sohn des Leukadios in P. Oxy. 68. 4685 V°, Z. 1; viell. derselbe Leukadios auch in P. Oxy. 7. 1048, Z. 15, vgl. P. Oxy. 68. 4685 V°, Anm. zu Z. 1.\";s:6:\"status\";s:9:\"unchecked\";}',NULL),(12,'create','2012-03-07 10:22:02','7','Papyrillio\\BeehiveBundle\\Entity\\Task',1,'a:2:{s:11:\"description\";s:27:\"add line-nr. in HGV-remark?\";s:7:\"cleared\";N;}',NULL),(13,'create','2012-03-07 10:22:02','8','Papyrillio\\BeehiveBundle\\Entity\\Task',1,'a:2:{s:11:\"description\";s:19:\"inform Trismegistos\";s:7:\"cleared\";N;}',NULL),(14,'create','2012-03-07 10:22:02','6','Papyrillio\\BeehiveBundle\\Entity\\Correction',1,'a:3:{s:8:\"position\";s:4:\"3, 7\";s:11:\"description\";s:239:\"Derselbe Daniel, Sohn des Valerius in P. Oxy. 68. 4682, Z. 4-5, 4683, Z. 1 (?) und 4685 V°, Z. 8; wohl derselbe Valerius auch in P. Wash.Univ. 2. 83, Z. 7, P. Oxy. 7. 1048, Z. 10, und 62. 4346, Z. 2, vgl. P. Oxy. 68. 4682, Anm. zu Z. 4-5.\";s:6:\"status\";s:9:\"unchecked\";}',NULL),(15,'create','2012-03-07 10:22:02','9','Papyrillio\\BeehiveBundle\\Entity\\Task',1,'a:2:{s:11:\"description\";s:27:\"add line-nr. in HGV-remark?\";s:7:\"cleared\";N;}',NULL),(16,'create','2012-03-07 10:22:02','10','Papyrillio\\BeehiveBundle\\Entity\\Task',1,'a:2:{s:11:\"description\";s:19:\"inform Trismegistos\";s:7:\"cleared\";N;}',NULL),(17,'create','2012-03-07 10:22:02','7','Papyrillio\\BeehiveBundle\\Entity\\Correction',1,'a:3:{s:8:\"position\";s:5:\"6, 10\";s:11:\"description\";s:79:\"Derselbe Ammonianos viell. in P. Oxy. 68. 4685 R°, Z. 8, vgl. dort Anm. zur Z.\";s:6:\"status\";s:9:\"unchecked\";}',NULL),(18,'create','2012-03-07 10:22:02','11','Papyrillio\\BeehiveBundle\\Entity\\Task',1,'a:2:{s:11:\"description\";s:124:\"add via SoSOL: <:πολιτευομένου= K.A. Worp in: P. Oxy. 68. 4687, Anm. zu Z. 8-9 (BL 13)|ed| πρίνκιπος:>\";s:7:\"cleared\";N;}',NULL),(19,'create','2012-03-07 10:22:02','8','Papyrillio\\BeehiveBundle\\Entity\\Correction',1,'a:3:{s:8:\"position\";s:1:\"8\";s:11:\"description\";s:137:\"πρίνκιπος → πολιτευομένου, K.A. Worp in: P. Oxy. 68. 4687, Anm. zu Z. 8-9 (am Original geprüft von R. Pintaudi).\";s:6:\"status\";s:9:\"unchecked\";}',NULL),(20,'create','2012-03-07 10:22:02','12','Papyrillio\\BeehiveBundle\\Entity\\Task',1,'a:2:{s:11:\"description\";s:286:\"Add via SoSOL <:<:τὰ βασιλικὰ πράσσοντες= J.-M. Bertrand in: La circulation de l’information, S. 99-100 (BL 13)|alt|τὰ βασιλ̣[ικὰ πραγματευόμενοι](?)=P.Hib. 2, Anm.:>|ed| τὰ βασιλ̣[ικὰ ca.? ]σοντ[ ca.? ]:>\";s:7:\"cleared\";N;}',NULL),(21,'create','2012-03-07 10:22:02','9','Papyrillio\\BeehiveBundle\\Entity\\Correction',1,'a:3:{s:8:\"position\";s:3:\"231\";s:11:\"description\";s:234:\"οἱ τὰ βασιλ̣[ικὰ (erg. viell. πραγματευόμενοι, ed.pr., Anm. zur Z.) ]σοντ[ → οἱ τὰ βασιλ[ικὰ πράσ]σοντ[ες], J.-M. Bertrand in: La circulation de l’information, S. 99-100.\";s:6:\"status\";s:9:\"unchecked\";}',NULL),(22,'create','2012-03-07 10:22:02','13','Papyrillio\\BeehiveBundle\\Entity\\Task',1,'a:2:{s:11:\"description\";s:24:\"Identities for TM People\";s:7:\"cleared\";N;}',NULL),(23,'create','2012-03-07 10:22:02','14','Papyrillio\\BeehiveBundle\\Entity\\Task',1,'a:2:{s:11:\"description\";s:121:\"add SoSOL: <: ῥιπαρίῳ=bestätigt in P. Oxy. 68. 4684, Anm. zu Z. 3 und 4685, Einl. (BL 13)|ed|ῥιπαρίῳ:>\";s:7:\"cleared\";N;}',NULL),(24,'create','2012-03-07 10:22:02','10','Papyrillio\\BeehiveBundle\\Entity\\Correction',1,'a:3:{s:8:\"position\";s:1:\"3\";s:11:\"description\";s:174:\"Die Erg. ῥιπαρίῳ wird bestätigt; derselbe Flavius Ioseph in P. Oxy. 68. 4684, Z. 3 und viell. in 4685 V°, Z. 3, vgl. P. Oxy. 68. 4684, Anm. zu Z. 3 und 4685, Einl.\";s:6:\"status\";s:9:\"unchecked\";}',NULL),(25,'create','2012-03-07 10:22:02','15','Papyrillio\\BeehiveBundle\\Entity\\Task',1,'a:2:{s:11:\"description\";s:109:\"Add SoSOL: <:Ὡρείω]ν̣= J.-Y. Strasser, B.C.H. 128-129 (2004-2005), S. 427, Anm. 36 (BL 13)|ed|]ν̣:>\";s:7:\"cleared\";N;}',NULL),(26,'create','2012-03-07 10:22:02','11','Papyrillio\\BeehiveBundle\\Entity\\Correction',1,'a:3:{s:8:\"position\";s:2:\"29\";s:11:\"description\";s:88:\"]ν̣ → Ὡρείω]ν̣, J.-Y. Strasser, B.C.H. 128-129 (2004-2005), S. 427, Anm. 36.\";s:6:\"status\";s:9:\"unchecked\";}',NULL),(27,'create','2012-03-07 10:22:02','16','Papyrillio\\BeehiveBundle\\Entity\\Task',1,'a:2:{s:11:\"description\";s:40:\"Add SoSOL: the whole for commentary line\";s:7:\"cleared\";N;}',NULL),(28,'create','2012-03-07 10:22:02','12','Papyrillio\\BeehiveBundle\\Entity\\Correction',1,'a:3:{s:8:\"position\";s:1:\"7\";s:11:\"description\";s:127:\"ἡμεριῶν: wohl nicht von ἡμερία, sondern vom Diminutiv ἡμέριον, N. Gonis, Bibl.Orient. 62 (2005), S. 51.\";s:6:\"status\";s:9:\"unchecked\";}',NULL),(29,'create','2012-03-07 10:22:02','17','Papyrillio\\BeehiveBundle\\Entity\\Task',1,'a:2:{s:11:\"description\";s:54:\"already in HGV, but ‘vorzuziehen’ not made clear!!\";s:7:\"cleared\";N;}',NULL),(30,'create','2012-03-07 10:22:02','13','Papyrillio\\BeehiveBundle\\Entity\\Correction',1,'a:3:{s:8:\"position\";N;s:11:\"description\";s:102:\"Die Datierung 2.12.471 n.Chr. (vgl. B.L. 8, S. 193) ist vorzuziehen, P. Oxy. 68. 4695, Anm. zu Z. 2-3.\";s:6:\"status\";s:9:\"unchecked\";}',NULL),(31,'create','2012-03-07 10:22:02','18','Papyrillio\\BeehiveBundle\\Entity\\Task',1,'a:2:{s:11:\"description\";s:118:\"Add SoSOL: <:ἐν Ὀξυρύγχ(ων)=P. Oxy. 68. 4701, Anm. zu Z. 2 (BL 13)|ed| ἐν Ὀξυρυγχ(ιτῶν):>\";s:7:\"cleared\";N;}',NULL),(32,'create','2012-03-07 10:22:02','14','Papyrillio\\BeehiveBundle\\Entity\\Correction',1,'a:3:{s:8:\"position\";s:1:\"2\";s:11:\"description\";s:97:\"ἐν Ὀξυρυγχ(ιτῶν) → ἐν Ὀξυρύγχ(ων), P. Oxy. 68. 4701, Anm. zu Z. 2.\";s:6:\"status\";s:9:\"unchecked\";}',NULL),(33,'create','2012-03-07 10:22:02','19','Papyrillio\\BeehiveBundle\\Entity\\Task',1,'a:2:{s:11:\"description\";s:209:\"Add SoSOL: <: [ὑπατείας Φλ]= P. Oxy. 68. 4688, Anm. zu Z. 2 (BL 13)|corr|<:[μετὰ τὴν ὑπατείαν Φλ]=BL 7.103|ed|[ ca.? ὑπατείας Φλ]:>:> ugly with half word Fl, but clear\";s:7:\"cleared\";N;}',NULL),(34,'create','2012-03-07 10:22:02','15','Papyrillio\\BeehiveBundle\\Entity\\Correction',1,'a:3:{s:8:\"position\";s:1:\"1\";s:11:\"description\";s:144:\"[μετὰ τὴν ὑπατείαν (B.L. 7, S. 103): wenn geschrieben, dann fehlerhaft für ὑπατείας, P. Oxy. 68. 4688, Anm. zu Z. 2.\";s:6:\"status\";s:9:\"unchecked\";}',NULL),(35,'create','2012-03-07 10:22:02','20','Papyrillio\\BeehiveBundle\\Entity\\Task',1,'a:2:{s:11:\"description\";s:164:\"Add SoSOL: <:[ ca.11 ]= P. Oxy. 68. 4697, Anm. zu Z. 6-7 (BL 13)|ed|[ἐναπόγραφος]:> misleading with 2nd bracket, probably impossible without 2nd bracket\";s:7:\"cleared\";N;}',NULL),(36,'create','2012-03-07 10:22:02','16','Papyrillio\\BeehiveBundle\\Entity\\Correction',1,'a:3:{s:8:\"position\";s:1:\"5\";s:11:\"description\";s:83:\"Die Erg. [ἐναπόγραφος wird abgelehnt, P. Oxy. 68. 4697, Anm. zu Z. 6-7.\";s:6:\"status\";s:9:\"unchecked\";}',NULL),(37,'create','2012-03-07 10:22:02','21','Papyrillio\\BeehiveBundle\\Entity\\Task',1,'a:2:{s:11:\"description\";s:8:\"Date HGV\";s:7:\"cleared\";N;}',NULL),(38,'create','2012-03-07 10:22:02','22','Papyrillio\\BeehiveBundle\\Entity\\Task',1,'a:2:{s:11:\"description\";s:115:\"Add SoSOL: <:ἐνάτης=P. Oxy. 68. 4688, Anm. zu Z. 2 (BL 13)<:δ[ε]κ̣άτης=BL 7.103|ed|ἐνάτης:>:>\";s:7:\"cleared\";N;}',NULL),(39,'create','2012-03-07 10:22:02','17','Papyrillio\\BeehiveBundle\\Entity\\Correction',1,'a:3:{s:8:\"position\";s:1:\"9\";s:11:\"description\";s:151:\"δ[ε]κ̣άτης (B.L. 7, S. 103) → ἐνάτης (wie ed.pr.) (nach dem Photo); also zu datieren: 6.12.440 n.Chr., P. Oxy. 68. 4688, Anm. zu Z. 2.\";s:6:\"status\";s:9:\"unchecked\";}',NULL),(40,'create','2012-03-07 10:22:02','18','Papyrillio\\BeehiveBundle\\Entity\\Correction',1,'a:3:{s:8:\"position\";N;s:11:\"description\";s:144:\"(+ P.Rainer Cent. 165) Nd. mit italienischer Übersetzung: S. Daris, Aevum 74 (200), S. 157-159 (Kol. I, Z. 9 nostris Tippfehler statt sostris).\";s:6:\"status\";s:9:\"unchecked\";}',NULL),(41,'create','2012-03-07 10:25:17','23','Papyrillio\\BeehiveBundle\\Entity\\Task',1,'a:2:{s:11:\"description\";s:34:\"Das muss man noch in HGV machen...\";s:7:\"cleared\";N;}','lanz'),(42,'create','2012-03-07 10:25:17','19','Papyrillio\\BeehiveBundle\\Entity\\Correction',1,'a:3:{s:8:\"position\";s:17:\"Zeilige Zeile 123\";s:11:\"description\";s:517:\"Einträglicher Eintrag Όλα κόλπα μέχρι το. Παραγωγικής χαρακτηριστικό σου τη, τα νέο καρέκλα τεσσαρών εκτελείται. Έκδοση δούλευε νέα ως. Σημεία εργαζόμενων δεν ως, όσο με αυτός στέλνοντάς, έχω μικρής εφαρμογής σε. Ώρα παίξουν προβληματική τα. Ώς σφάλμα κρατήσουν όχι, σας δε γειτονιάς προκαλείς.\";s:6:\"status\";s:9:\"unchecked\";}','lanz'),(43,'update','2012-03-07 10:25:34','23','Papyrillio\\BeehiveBundle\\Entity\\Task',2,'a:1:{s:7:\"cleared\";s:19:\"2012-03-07 10:25:34\";}','lanz'),(44,'create','2012-03-07 10:25:50','24','Papyrillio\\BeehiveBundle\\Entity\\Task',1,'a:2:{s:11:\"description\";s:31:\"Eine neue Aufgabe - Horridoh!!!\";s:7:\"cleared\";N;}','lanz'),(45,'update','2012-03-07 10:26:12','19','Papyrillio\\BeehiveBundle\\Entity\\Correction',2,'a:1:{s:11:\"description\";s:559:\"Einträglicher Eintrag Όλα κόλπα μέχρι το. Παραγωγικής χαρακτηριστικό σου τη, τα νέο καρέκλα τεσσαρών εκτελείται. Έκδοση δούλευε νέα ως. Σημεία εργαζόμενων δεν ως, όσο με αυτός στέλνοντάς, έχω μικρής εφαρμογής σε. Ώρα παίξουν προβληματική τα. Ώς σφάλμα κρατήσουν όχι, σας δε γειτονιάς προκαλείς. So und jetzt noch ein bisschen Text hier.\";}','lanz'),(46,'update','2012-03-07 10:26:19','19','Papyrillio\\BeehiveBundle\\Entity\\Correction',3,'a:1:{s:8:\"position\";s:18:\"Zeilige Zeile 1234\";}','lanz'),(47,'update','2012-03-08 10:05:33','7','Papyrillio\\BeehiveBundle\\Entity\\Correction',2,'a:1:{s:11:\"description\";s:83:\"Derselbe Ammonianos viell. in P. Oxy. 68. 4685 R°, Z. 8, vgl. dort die Anm. zur Z.\";}','cowey'),(48,'create','2012-03-08 14:48:49','20','Papyrillio\\BeehiveBundle\\Entity\\Correction',1,'a:3:{s:8:\"position\";s:2:\"10\";s:11:\"description\";s:121:\"οὐλαὶ πο̣[σὶ   ̣  ̣  ̣]ιδε: viell. οὐλαὶ πο̣[λλαὶ, N. Quenouille, APF 48 (2002), S. 85.\";s:6:\"status\";s:9:\"unchecked\";}','cowey'),(49,'create','2012-03-08 14:49:54','25','Papyrillio\\BeehiveBundle\\Entity\\Task',1,'a:2:{s:11:\"description\";s:45:\"Enter correction into DDb through the editor.\";s:7:\"cleared\";N;}','cowey'),(50,'create','2012-03-08 14:56:13','26','Papyrillio\\BeehiveBundle\\Entity\\Task',1,'a:2:{s:11:\"description\";s:33:\"Enter into DDb through the editor\";s:7:\"cleared\";N;}','cowey'),(51,'create','2012-03-08 14:56:13','21','Papyrillio\\BeehiveBundle\\Entity\\Correction',1,'a:3:{s:8:\"position\";s:1:\"4\";s:11:\"description\";s:151:\"ο̣ὐ[λὴ]ι̣ τὸν δεξιὸν πόδα: viell. ο̣υ̣[  ̣  ̣]ι̣ τὸν δεξιὸν πόδα, N. Quenouille, APF 48 (2002), S. 85.\";s:6:\"status\";s:9:\"unchecked\";}','cowey'),(52,'create','2012-03-08 15:05:25','27','Papyrillio\\BeehiveBundle\\Entity\\Task',1,'a:2:{s:11:\"description\";s:33:\"Enter into DDb through the editor\";s:7:\"cleared\";N;}','cowey'),(53,'create','2012-03-08 15:05:25','22','Papyrillio\\BeehiveBundle\\Entity\\Correction',1,'a:3:{s:8:\"position\";s:5:\"20-21\";s:11:\"description\";s:113:\"ἐ]|λευθερῶ παιδα: viell. ἀπε]|λευθερῶ παιδα, N. Quenouille, APF 48 (2002), S. 81.\";s:6:\"status\";s:9:\"unchecked\";}','cowey'),(54,'update','2012-03-08 15:06:08','22','Papyrillio\\BeehiveBundle\\Entity\\Correction',2,'a:0:{}','cowey'),(55,'create','2012-03-08 15:14:35','28','Papyrillio\\BeehiveBundle\\Entity\\Task',1,'a:2:{s:11:\"description\";s:44:\"Enter correction into DDb through the editor\";s:7:\"cleared\";N;}','cowey'),(56,'create','2012-03-08 15:14:35','23','Papyrillio\\BeehiveBundle\\Entity\\Correction',1,'a:3:{s:8:\"position\";s:1:\"2\";s:11:\"description\";s:103:\"Ἀπόλλω(νος πόλεως): viell. Ἀπολλω(νίου), F. Reiter, APF 48 (2002), S. 133\";s:6:\"status\";s:9:\"unchecked\";}','cowey'),(57,'create','2012-03-08 15:15:54','29','Papyrillio\\BeehiveBundle\\Entity\\Task',1,'a:2:{s:11:\"description\";s:57:\"HGV has already made relevant correction to localisation.\";s:7:\"cleared\";N;}','cowey'),(58,'update','2012-03-08 15:16:00','29','Papyrillio\\BeehiveBundle\\Entity\\Task',2,'a:1:{s:7:\"cleared\";O:8:\"DateTime\":3:{s:4:\"date\";s:19:\"2012-03-08 15:16:00\";s:13:\"timezone_type\";i:3;s:8:\"timezone\";s:13:\"Europe/Berlin\";}}','cowey'),(59,'update','2012-03-08 15:34:44','12','Papyrillio\\BeehiveBundle\\Entity\\Task',2,'a:1:{s:11:\"description\";s:290:\"Add via SoSOL &lt;:&lt;:τὰ βασιλ[ικὰ πράσ]σοντ[ες]= J.-M. Bertrand in: La circulation de l’information, S. 99-100 (BL 13)|alt|τὰ βασιλ̣[ικὰ πραγματευόμενοι](?)=P.Hib. 2, Anm.:&gt;|ed| τὰ βασιλ̣[ικὰ ca.? ]σοντ[ ca.? ]:&gt;\";}','cowey'),(60,'update','2012-03-08 15:36:18','12','Papyrillio\\BeehiveBundle\\Entity\\Task',3,'a:1:{s:11:\"description\";s:284:\"Add via SoSOL &lt;:&lt;:τὰ βασιλ[ικὰ πράσ]σοντ[ες]= J.-M. Bertrand in: La circulation de l’information, S. 99-100 (BL 13)|alt|τὰ βασιλ̣[ικὰ πραγματευόμενοι](?)=P.Hib. 2, Anm.<:|ed| τὰ βασιλ̣[ικὰ ca.? ]σοντ[ ca.? ]:>\";}','cowey'),(61,'create','2012-03-09 16:45:35','30','Papyrillio\\BeehiveBundle\\Entity\\Task',1,'a:2:{s:11:\"description\";s:2:\"13\";s:7:\"cleared\";N;}','hoogendijk'),(62,'create','2012-03-09 16:45:35','24','Papyrillio\\BeehiveBundle\\Entity\\Correction',1,'a:3:{s:8:\"position\";s:1:\"6\";s:11:\"description\";s:6:\"tryout\";s:6:\"status\";s:9:\"unchecked\";}','hoogendijk'),(63,'remove','2012-03-09 16:46:24','30','Papyrillio\\BeehiveBundle\\Entity\\Task',2,'N;','hoogendijk'),(64,'remove','2012-03-09 16:46:24','24','Papyrillio\\BeehiveBundle\\Entity\\Correction',2,'N;','hoogendijk'),(65,'update','2012-03-09 17:21:14','20','Papyrillio\\BeehiveBundle\\Entity\\Correction',2,'a:1:{s:11:\"description\";s:120:\"οὐλαὶ πο̣[σὶ   ̣  ̣  ̣]ιδε: viell. οὐλαὶ πο̣[λλαὶ, N. Quenouile, APF 48 (2002), S. 85.\";}','hoogendijk'),(66,'update','2012-03-12 16:24:22','19','Papyrillio\\BeehiveBundle\\Entity\\Correction',4,'a:0:{}','lanz'),(67,'update','2012-03-12 16:24:59','19','Papyrillio\\BeehiveBundle\\Entity\\Correction',5,'a:0:{}','lanz'),(68,'update','2012-03-12 16:25:01','19','Papyrillio\\BeehiveBundle\\Entity\\Correction',6,'a:0:{}','lanz'),(69,'update','2012-03-12 16:29:41','19','Papyrillio\\BeehiveBundle\\Entity\\Correction',7,'a:0:{}','lanz'),(70,'update','2012-03-12 16:29:55','19','Papyrillio\\BeehiveBundle\\Entity\\Correction',8,'a:0:{}','lanz'),(71,'update','2012-03-12 16:33:18','19','Papyrillio\\BeehiveBundle\\Entity\\Correction',9,'a:0:{}','lanz'),(72,'update','2012-03-12 16:34:13','19','Papyrillio\\BeehiveBundle\\Entity\\Correction',10,'a:0:{}','lanz'),(73,'update','2012-03-12 16:34:55','19','Papyrillio\\BeehiveBundle\\Entity\\Correction',11,'a:0:{}','lanz'),(74,'update','2012-03-12 16:40:40','19','Papyrillio\\BeehiveBundle\\Entity\\Correction',12,'a:0:{}','lanz'),(75,'update','2012-03-13 15:50:36','19','Papyrillio\\BeehiveBundle\\Entity\\Correction',13,'a:1:{s:11:\"description\";s:592:\"Einträglicher Eintrag Όλα κόλπα μέχρι το. Παραγωγικής χαρακτηριστικό σου τη, τα νέο καρέκλα τεσσαρών εκτελείται. Έκδοση δούλευε νέα ως. Σημεία εργαζόμενων δεν ως, όσο με αυτός στέλνοντάς, έχω μικρής εφαρμογής σε. Ώρα παίξουν προβληματική τα. Ώς σφάλμα κρατήσουν όχι, σας δε γειτονιάς προκαλείς. So und jetzt noch ein bisschen Text hier → mit Pfeil und Speerspitze →\";}','lanz'),(76,'create','2012-03-14 12:58:08','31','Papyrillio\\BeehiveBundle\\Entity\\Task',1,'a:2:{s:11:\"description\";s:113:\"Make sure that there is consistency between the beginning and end of the cited passage before and after the arrow\";s:7:\"cleared\";N;}','cowey'),(77,'update','2012-03-14 12:58:26','31','Papyrillio\\BeehiveBundle\\Entity\\Task',2,'a:1:{s:11:\"description\";s:118:\"Make sure that there is consistency between the beginning and end of the cited passage before and after the arrow (JC)\";}','cowey'),(78,'create','2012-03-14 16:03:42','32','Papyrillio\\BeehiveBundle\\Entity\\Task',1,'a:2:{s:11:\"description\";s:2:\"13\";s:7:\"cleared\";N;}','hoogendijk'),(79,'create','2012-03-14 16:03:42','33','Papyrillio\\BeehiveBundle\\Entity\\Task',1,'a:2:{s:11:\"description\";s:25:\"νεεμ οπ ιν ΗΓΩ\";s:7:\"cleared\";N;}','hoogendijk'),(80,'create','2012-03-14 16:03:42','34','Papyrillio\\BeehiveBundle\\Entity\\Task',1,'a:2:{s:11:\"description\";s:39:\"ιδεντιτειτ δοοργεωεν\";s:7:\"cleared\";N;}','hoogendijk'),(81,'create','2012-03-14 16:03:42','25','Papyrillio\\BeehiveBundle\\Entity\\Correction',1,'a:3:{s:8:\"position\";s:1:\"1\";s:11:\"description\";s:28:\"ωνωξηφκξφκυρκυ\";s:6:\"status\";s:9:\"unchecked\";}','hoogendijk'),(82,'remove','2012-03-14 16:06:44','32','Papyrillio\\BeehiveBundle\\Entity\\Task',2,'N;','hoogendijk'),(83,'remove','2012-03-14 16:06:44','33','Papyrillio\\BeehiveBundle\\Entity\\Task',2,'N;','hoogendijk'),(84,'remove','2012-03-14 16:06:44','34','Papyrillio\\BeehiveBundle\\Entity\\Task',2,'N;','hoogendijk'),(85,'remove','2012-03-14 16:06:44','25','Papyrillio\\BeehiveBundle\\Entity\\Correction',2,'a:0:{}','hoogendijk'),(86,'create','2012-03-15 12:59:40','35','Papyrillio\\BeehiveBundle\\Entity\\Task',1,'a:2:{s:11:\"description\";s:9:\"eine neue\";s:7:\"cleared\";N;}','lanz'),(87,'create','2012-03-15 12:59:52','36','Papyrillio\\BeehiveBundle\\Entity\\Task',1,'a:2:{s:11:\"description\";s:14:\"noch eine neue\";s:7:\"cleared\";N;}','lanz'),(88,'update','2012-03-15 13:00:03','35','Papyrillio\\BeehiveBundle\\Entity\\Task',2,'a:1:{s:7:\"cleared\";O:8:\"DateTime\":3:{s:4:\"date\";s:19:\"2012-03-15 13:00:03\";s:13:\"timezone_type\";i:3;s:8:\"timezone\";s:13:\"Europe/Berlin\";}}','lanz'),(89,'remove','2012-03-15 13:00:08','35','Papyrillio\\BeehiveBundle\\Entity\\Task',3,'N;','lanz'),(90,'remove','2012-03-15 13:00:14','23','Papyrillio\\BeehiveBundle\\Entity\\Task',3,'N;','lanz'),(91,'update','2012-03-22 14:57:20','1','Papyrillio\\BeehiveBundle\\Entity\\Correction',2,'a:0:{}','lanz'),(92,'update','2012-03-22 14:57:20','2','Papyrillio\\BeehiveBundle\\Entity\\Correction',2,'a:0:{}','lanz'),(93,'update','2012-03-22 14:57:20','3','Papyrillio\\BeehiveBundle\\Entity\\Correction',2,'a:0:{}','lanz'),(94,'update','2012-03-22 14:57:20','4','Papyrillio\\BeehiveBundle\\Entity\\Correction',2,'a:0:{}','lanz'),(95,'update','2012-03-22 14:57:20','5','Papyrillio\\BeehiveBundle\\Entity\\Correction',2,'a:0:{}','lanz'),(96,'update','2012-03-22 14:57:20','6','Papyrillio\\BeehiveBundle\\Entity\\Correction',2,'a:0:{}','lanz'),(97,'update','2012-03-22 14:57:20','7','Papyrillio\\BeehiveBundle\\Entity\\Correction',3,'a:0:{}','lanz'),(98,'update','2012-03-22 14:57:20','8','Papyrillio\\BeehiveBundle\\Entity\\Correction',2,'a:0:{}','lanz'),(99,'update','2012-03-22 14:57:20','9','Papyrillio\\BeehiveBundle\\Entity\\Correction',2,'a:0:{}','lanz'),(100,'update','2012-03-22 14:57:20','10','Papyrillio\\BeehiveBundle\\Entity\\Correction',2,'a:0:{}','lanz'),(101,'update','2012-03-22 14:57:20','11','Papyrillio\\BeehiveBundle\\Entity\\Correction',2,'a:0:{}','lanz'),(102,'update','2012-03-22 14:57:20','12','Papyrillio\\BeehiveBundle\\Entity\\Correction',2,'a:0:{}','lanz'),(103,'update','2012-03-22 14:57:20','13','Papyrillio\\BeehiveBundle\\Entity\\Correction',2,'a:0:{}','lanz'),(104,'update','2012-03-22 14:57:20','14','Papyrillio\\BeehiveBundle\\Entity\\Correction',2,'a:0:{}','lanz'),(105,'update','2012-03-22 14:57:20','15','Papyrillio\\BeehiveBundle\\Entity\\Correction',2,'a:0:{}','lanz'),(106,'update','2012-03-22 14:57:20','16','Papyrillio\\BeehiveBundle\\Entity\\Correction',2,'a:0:{}','lanz'),(107,'update','2012-03-22 14:57:20','17','Papyrillio\\BeehiveBundle\\Entity\\Correction',2,'a:0:{}','lanz'),(108,'update','2012-03-22 14:57:20','18','Papyrillio\\BeehiveBundle\\Entity\\Correction',2,'a:0:{}','lanz'),(109,'update','2012-03-22 14:57:20','19','Papyrillio\\BeehiveBundle\\Entity\\Correction',14,'a:0:{}','lanz'),(110,'update','2012-03-22 14:57:20','20','Papyrillio\\BeehiveBundle\\Entity\\Correction',3,'a:0:{}','lanz'),(111,'update','2012-03-22 14:57:20','21','Papyrillio\\BeehiveBundle\\Entity\\Correction',2,'a:0:{}','lanz'),(112,'update','2012-03-22 15:03:27','1','Papyrillio\\BeehiveBundle\\Entity\\Correction',3,'a:0:{}','lanz'),(113,'update','2012-03-22 15:03:27','3','Papyrillio\\BeehiveBundle\\Entity\\Correction',3,'a:0:{}','lanz'),(114,'update','2012-03-22 15:03:27','5','Papyrillio\\BeehiveBundle\\Entity\\Correction',3,'a:0:{}','lanz'),(115,'update','2012-03-22 15:03:27','6','Papyrillio\\BeehiveBundle\\Entity\\Correction',3,'a:0:{}','lanz'),(116,'update','2012-03-22 15:03:27','7','Papyrillio\\BeehiveBundle\\Entity\\Correction',4,'a:0:{}','lanz'),(117,'update','2012-03-22 15:03:27','8','Papyrillio\\BeehiveBundle\\Entity\\Correction',3,'a:0:{}','lanz'),(118,'update','2012-03-22 15:03:27','9','Papyrillio\\BeehiveBundle\\Entity\\Correction',3,'a:0:{}','lanz'),(119,'update','2012-03-22 15:03:27','10','Papyrillio\\BeehiveBundle\\Entity\\Correction',3,'a:0:{}','lanz'),(120,'update','2012-03-22 15:03:27','11','Papyrillio\\BeehiveBundle\\Entity\\Correction',3,'a:0:{}','lanz'),(121,'update','2012-03-22 15:03:27','12','Papyrillio\\BeehiveBundle\\Entity\\Correction',3,'a:0:{}','lanz'),(122,'update','2012-03-22 15:03:27','14','Papyrillio\\BeehiveBundle\\Entity\\Correction',3,'a:0:{}','lanz'),(123,'update','2012-03-22 15:03:27','15','Papyrillio\\BeehiveBundle\\Entity\\Correction',3,'a:0:{}','lanz'),(124,'update','2012-03-22 15:03:27','16','Papyrillio\\BeehiveBundle\\Entity\\Correction',3,'a:0:{}','lanz'),(125,'update','2012-03-22 15:03:27','17','Papyrillio\\BeehiveBundle\\Entity\\Correction',3,'a:0:{}','lanz'),(126,'update','2012-03-22 15:03:27','19','Papyrillio\\BeehiveBundle\\Entity\\Correction',15,'a:0:{}','lanz'),(127,'update','2012-03-22 15:03:27','20','Papyrillio\\BeehiveBundle\\Entity\\Correction',4,'a:0:{}','lanz'),(128,'update','2012-03-22 15:03:27','21','Papyrillio\\BeehiveBundle\\Entity\\Correction',3,'a:0:{}','lanz'),(129,'update','2012-03-22 15:03:27','22','Papyrillio\\BeehiveBundle\\Entity\\Correction',3,'a:0:{}','lanz'),(130,'update','2012-03-22 15:03:27','23','Papyrillio\\BeehiveBundle\\Entity\\Correction',2,'a:0:{}','lanz'),(131,'update','2012-03-22 15:04:25','19','Papyrillio\\BeehiveBundle\\Entity\\Correction',16,'a:0:{}','lanz'),(132,'update','2012-05-23 14:59:14','20','Papyrillio\\BeehiveBundle\\Entity\\Correction',5,'a:1:{s:11:\"description\";s:140:\"οὐλαὶ πο̣[σὶ   ̣  ̣  ̣]ιδε: viell. οὐλαὶ πο̣[λλαὶ   ̣  ̣  ̣]ιδε, N. Quenouile, APF 48 (2002), S. 85.\";}','cowey'),(133,'create','2012-05-31 14:13:04','24','Papyrillio\\BeehiveBundle\\Entity\\Correction',1,'a:3:{s:8:\"position\";s:3:\"6-8\";s:11:\"description\";s:41:\"Vgl. J.D. Sosin, APF 50 (2004), S. 42-44.\";s:6:\"status\";s:9:\"unchecked\";}','cowey'),(134,'create','2012-06-08 15:06:22','25','Papyrillio\\BeehiveBundle\\Entity\\Correction',1,'a:3:{s:8:\"position\";s:5:\"13-16\";s:11:\"description\";s:41:\"Vgl. J.D. Sosin, APF 50 (2004), S. 42-44.\";s:6:\"status\";s:9:\"unchecked\";}','cowey'),(135,'update','2012-06-08 15:08:14','25','Papyrillio\\BeehiveBundle\\Entity\\Correction',3,'a:0:{}','cowey'),(136,'update','2012-06-08 15:12:10','25','Papyrillio\\BeehiveBundle\\Entity\\Correction',4,'a:1:{s:11:\"description\";s:50:\"Vgl. J.D. Sosin, APF 50 (2004), S. 42-44, Anm. 10.\";}','cowey'),(137,'create','2012-06-08 15:15:25','26','Papyrillio\\BeehiveBundle\\Entity\\Correction',1,'a:3:{s:8:\"position\";s:5:\"16-20\";s:11:\"description\";s:49:\"Vgl. J.D. Sosin, APF 50 (2004), S. 42-44, Anm. 7.\";s:6:\"status\";s:9:\"unchecked\";}','cowey'),(138,'create','2012-06-08 17:30:47','27','Papyrillio\\BeehiveBundle\\Entity\\Correction',1,'a:3:{s:8:\"position\";N;s:11:\"description\";s:17:\"Nd. P. Abinn. 62.\";s:6:\"status\";s:9:\"unchecked\";}','cowey'),(139,'remove','2012-06-08 17:43:22','27','Papyrillio\\BeehiveBundle\\Entity\\Correction',2,'N;','cowey'),(140,'create','2012-06-08 17:46:08','28','Papyrillio\\BeehiveBundle\\Entity\\Correction',1,'a:3:{s:8:\"position\";s:1:\"9\";s:11:\"description\";s:109:\"λι<νω>τῶν, I. Cazzaniga Parola del Passato 89 (1963), S. 128. (Die Lesung hat aber einen guten Sinn).\";s:6:\"status\";s:9:\"unchecked\";}','cowey'),(141,'update','2012-06-08 17:46:33','28','Papyrillio\\BeehiveBundle\\Entity\\Correction',2,'a:1:{s:11:\"description\";s:127:\"λι&lt;νω&gt;τῶν, I. Cazzaniga Parola del Passato 89 (1963), S. 128. (Die Lesung λιτῶν hat aber einen guten Sinn).\";}','cowey'),(142,'update','2012-06-08 17:49:46','28','Papyrillio\\BeehiveBundle\\Entity\\Correction',3,'a:0:{}','cowey'),(143,'create','2012-06-08 17:51:31','29','Papyrillio\\BeehiveBundle\\Entity\\Correction',1,'a:3:{s:8:\"position\";s:1:\"9\";s:11:\"description\";s:6:\"Viell.\";s:6:\"status\";s:9:\"unchecked\";}','cowey'),(144,'remove','2012-06-08 17:53:03','29','Papyrillio\\BeehiveBundle\\Entity\\Correction',2,'N;','cowey'),(145,'create','2012-06-08 17:53:59','30','Papyrillio\\BeehiveBundle\\Entity\\Correction',1,'a:3:{s:8:\"position\";s:1:\"9\";s:11:\"description\";s:6:\"Viell.\";s:6:\"status\";s:9:\"unchecked\";}','cowey'),(146,'update','2012-06-08 17:56:16','30','Papyrillio\\BeehiveBundle\\Entity\\Correction',2,'a:1:{s:11:\"description\";s:47:\"Viell. ἀ̣[γαθ]ῷ̣, ebd., Anm. zu Z. 10.\";}','cowey'),(147,'create','2012-06-08 18:01:55','31','Papyrillio\\BeehiveBundle\\Entity\\Correction',1,'a:3:{s:8:\"position\";s:1:\"9\";s:11:\"description\";s:98:\"Die Lesung λιτῶν ist richtig (anders: B.L. 5, S. 6), S. Daris, Chr.d\'Ég. 47 (1972), S. 222.\";s:6:\"status\";s:9:\"unchecked\";}','cowey'),(148,'update','2012-06-08 18:05:22','31','Papyrillio\\BeehiveBundle\\Entity\\Correction',2,'a:0:{}','cowey'),(149,'update','2012-06-12 08:17:16','20','Papyrillio\\BeehiveBundle\\Entity\\Correction',6,'a:1:{s:6:\"status\";s:9:\"finalised\";}','lanz'),(150,'update','2012-06-12 10:36:22','31','Papyrillio\\BeehiveBundle\\Entity\\Task',3,'a:1:{s:7:\"cleared\";O:8:\"DateTime\":3:{s:4:\"date\";s:19:\"2012-06-12 10:36:22\";s:13:\"timezone_type\";i:3;s:8:\"timezone\";s:13:\"Europe/Berlin\";}}','lanz'),(151,'update','2012-06-12 10:36:30','31','Papyrillio\\BeehiveBundle\\Entity\\Task',4,'a:1:{s:7:\"cleared\";N;}','lanz'),(152,'update','2012-06-15 09:19:09','28','Papyrillio\\BeehiveBundle\\Entity\\Correction',4,'a:1:{s:6:\"status\";s:9:\"finalised\";}','cowey'),(153,'create','2012-06-15 10:54:52','32','Papyrillio\\BeehiveBundle\\Entity\\Correction',1,'a:3:{s:8:\"position\";s:4:\"9-10\";s:11:\"description\";s:43:\"ἀδελφῷ Φ̣ι̣λ|αδελφίῳ,\";s:6:\"status\";s:9:\"unchecked\";}','cowey'),(154,'update','2012-06-15 10:55:06','32','Papyrillio\\BeehiveBundle\\Entity\\Correction',2,'a:1:{s:6:\"status\";s:9:\"finalised\";}','cowey'),(155,'update','2012-06-15 10:56:04','30','Papyrillio\\BeehiveBundle\\Entity\\Correction',3,'a:1:{s:6:\"status\";s:9:\"finalised\";}','cowey'),(156,'update','2012-06-15 10:56:22','31','Papyrillio\\BeehiveBundle\\Entity\\Correction',3,'a:1:{s:6:\"status\";s:9:\"finalised\";}','cowey'),(157,'update','2012-06-18 11:14:40','30','Papyrillio\\BeehiveBundle\\Entity\\Correction',4,'a:0:{}','cowey'),(158,'update','2012-06-18 11:16:22','32','Papyrillio\\BeehiveBundle\\Entity\\Correction',3,'a:0:{}','cowey'),(159,'create','2012-06-19 09:09:10','33','Papyrillio\\BeehiveBundle\\Entity\\Correction',1,'a:3:{s:8:\"position\";s:2:\"12\";s:11:\"description\";s:19:\"χρησίμα̣ν\";s:6:\"status\";s:9:\"unchecked\";}','cowey'),(160,'update','2012-06-19 09:10:12','33','Papyrillio\\BeehiveBundle\\Entity\\Correction',2,'a:0:{}','cowey'),(161,'create','2012-06-19 09:14:34','34','Papyrillio\\BeehiveBundle\\Entity\\Correction',1,'a:3:{s:8:\"position\";s:2:\"17\";s:11:\"description\";s:47:\"τὰ σὰ ἐ̣ρ̣[...]ομεν, M. Manfredi\";s:6:\"status\";s:9:\"unchecked\";}','cowey'),(162,'update','2012-06-19 09:14:44','34','Papyrillio\\BeehiveBundle\\Entity\\Correction',2,'a:0:{}','cowey'),(163,'update','2012-06-19 09:14:56','34','Papyrillio\\BeehiveBundle\\Entity\\Correction',3,'a:1:{s:6:\"status\";s:9:\"finalised\";}','cowey'),(164,'update','2012-06-19 09:15:21','33','Papyrillio\\BeehiveBundle\\Entity\\Correction',3,'a:1:{s:6:\"status\";s:9:\"finalised\";}','cowey'),(165,'create','2012-06-19 11:14:08','35','Papyrillio\\BeehiveBundle\\Entity\\Correction',1,'a:3:{s:8:\"position\";s:4:\"9-10\";s:11:\"description\";s:182:\"ἀδελφῷ Φ̣ι̣λ|αδελφίῳ (B.L. 6, S. 5) → wohl ἀδελφῷ  ̣[ ̣ ̣ ̣] ̣ | Ἀδελφίῳ (vgl. ed.pr.) R.S. Bagnall, B.A.S.P. 32 (1995), S. 38, Anm. 4.\";s:6:\"status\";s:9:\"unchecked\";}','cowey'),(166,'update','2012-06-19 11:16:46','35','Papyrillio\\BeehiveBundle\\Entity\\Correction',2,'a:0:{}','cowey'),(167,'update','2012-06-19 11:17:23','35','Papyrillio\\BeehiveBundle\\Entity\\Correction',3,'a:1:{s:6:\"status\";s:9:\"finalised\";}','cowey'),(168,'update','2012-06-20 13:34:03','28','Papyrillio\\BeehiveBundle\\Entity\\Correction',5,'a:1:{s:11:\"description\";s:121:\"λι<νω>τῶν, I. Cazzaniga Parola del Passato 89 (1963), S. 128. (Die Lesung λιτῶν hat aber einen guten Sinn).\";}','lanz'),(169,'create','2012-06-27 15:44:50','36','Papyrillio\\BeehiveBundle\\Entity\\Correction',1,'a:3:{s:8:\"position\";s:1:\"2\";s:11:\"description\";s:130:\"Die Lesung δι᾽ ἐμοῦ Διοδώρου ist richtig (gegen B.L. 3), H.C. Youtie, Scriptiunculae, 1 S. 170, Anm. zu S. 146.\";s:6:\"status\";s:9:\"unchecked\";}','cowey'),(170,'update','2012-06-27 15:48:00','36','Papyrillio\\BeehiveBundle\\Entity\\Correction',2,'a:0:{}','cowey'),(171,'update','2012-06-27 15:49:54','36','Papyrillio\\BeehiveBundle\\Entity\\Correction',3,'a:1:{s:6:\"status\";s:9:\"finalised\";}','cowey'),(172,'update','2012-06-28 13:12:10','1','Papyrillio\\BeehiveBundle\\Entity\\Correction',4,'a:1:{s:6:\"status\";s:8:\"reviewed\";}','lanz'),(173,'update','2012-06-28 13:12:18','1','Papyrillio\\BeehiveBundle\\Entity\\Correction',5,'a:1:{s:6:\"status\";s:9:\"unchecked\";}','lanz'),(174,'update','2012-06-28 13:12:39','1','Papyrillio\\BeehiveBundle\\Entity\\Correction',6,'a:0:{}','lanz'),(175,'update','2012-06-28 13:12:48','1','Papyrillio\\BeehiveBundle\\Entity\\Correction',7,'a:0:{}','lanz'),(176,'update','2012-06-28 17:23:14','36','Papyrillio\\BeehiveBundle\\Entity\\Correction',4,'a:1:{s:6:\"status\";s:9:\"unchecked\";}','cowey'),(177,'update','2012-06-28 17:24:08','36','Papyrillio\\BeehiveBundle\\Entity\\Correction',5,'a:0:{}','cowey'),(178,'update','2012-06-28 17:24:40','36','Papyrillio\\BeehiveBundle\\Entity\\Correction',6,'a:1:{s:6:\"status\";s:9:\"finalised\";}','cowey'),(179,'update','2012-07-04 15:12:42','36','Papyrillio\\BeehiveBundle\\Entity\\Correction',7,'a:0:{}','cowey'),(180,'update','2012-07-04 15:15:02','28','Papyrillio\\BeehiveBundle\\Entity\\Correction',6,'a:0:{}','cowey'),(181,'update','2012-07-04 15:16:45','30','Papyrillio\\BeehiveBundle\\Entity\\Correction',5,'a:0:{}','cowey'),(182,'update','2012-07-04 15:17:26','30','Papyrillio\\BeehiveBundle\\Entity\\Correction',6,'a:1:{s:11:\"description\";s:82:\"Viell. ἀ̣[γαθ]ῷ̣, J. O’Callaghan, Cart.Crist. Nr. 3. Anm. zu Z. 10.ebd.\";}','cowey'),(183,'update','2012-07-04 15:18:19','30','Papyrillio\\BeehiveBundle\\Entity\\Correction',7,'a:1:{s:11:\"description\";s:78:\"Viell. ἀ̣[γαθ]ῷ̣, J. O’Callaghan, Cart.Crist. Nr. 3. Anm. zu Z. 10.\";}','cowey'),(184,'update','2012-07-04 15:25:27','35','Papyrillio\\BeehiveBundle\\Entity\\Correction',4,'a:0:{}','cowey'),(185,'update','2012-07-04 15:26:17','31','Papyrillio\\BeehiveBundle\\Entity\\Correction',4,'a:0:{}','cowey'),(186,'update','2012-07-04 15:26:32','32','Papyrillio\\BeehiveBundle\\Entity\\Correction',4,'a:0:{}','cowey'),(187,'update','2012-07-04 15:26:58','32','Papyrillio\\BeehiveBundle\\Entity\\Correction',5,'a:1:{s:11:\"description\";s:107:\"ἀδελφῷ Φ̣ι̣λ|αδελφίῳ, M. Naldini, Il Cristianesimo S. 355-357 (nach einem Mikrofilm).\";}','cowey'),(188,'update','2012-07-04 15:28:01','33','Papyrillio\\BeehiveBundle\\Entity\\Correction',4,'a:0:{}','cowey'),(189,'update','2012-07-04 15:28:03','33','Papyrillio\\BeehiveBundle\\Entity\\Correction',5,'a:1:{s:11:\"description\";s:84:\"χρησίμα̣ν, M. Naldini, Il Cristianesimo S. 355-357 (nach einem Mikrofilm).\";}','cowey'),(190,'update','2012-07-04 15:29:43','34','Papyrillio\\BeehiveBundle\\Entity\\Correction',4,'a:1:{s:11:\"description\";s:115:\"τὰ σὰ ἐ̣ρ̣[...]ομεν, M. Manfredi in: M. Naldini, Il Cristianesimo S. 355-357 (nach einem Mikrofilm).\";}','cowey'),(191,'update','2012-07-04 15:29:47','34','Papyrillio\\BeehiveBundle\\Entity\\Correction',5,'a:0:{}','cowey'),(192,'create','2012-07-05 10:46:41','37','Papyrillio\\BeehiveBundle\\Entity\\Correction',1,'a:3:{s:8:\"position\";N;s:11:\"description\";s:74:\"Gehört wohl in den Arsinoites, F. Reiter, ZPE 138 (2002), S. 130, Anm. 9.\";s:6:\"status\";s:9:\"unchecked\";}','cowey'),(193,'create','2012-07-05 10:49:00','38','Papyrillio\\BeehiveBundle\\Entity\\Correction',1,'a:3:{s:8:\"position\";s:3:\"1-2\";s:11:\"description\";s:129:\"τοῦ λαμ|προ(τάτου) → τοῦ | λαμπρο(τάτου) (nach dem Photo), D. Hagedorn, ZPE 138 (2002), S. 118.\";s:6:\"status\";s:9:\"unchecked\";}','cowey'),(194,'create','2012-07-05 10:52:19','39','Papyrillio\\BeehiveBundle\\Entity\\Correction',1,'a:3:{s:8:\"position\";s:2:\"10\";s:11:\"description\";s:110:\"λαμπρ(ότητο)ϲ → λαμπρ(ότητος) (nach dem Photo), D. Hagedorn, ZPE 138 (2002), S. 118.\";s:6:\"status\";s:9:\"unchecked\";}','cowey'),(195,'update','2012-07-05 10:52:47','38','Papyrillio\\BeehiveBundle\\Entity\\Correction',2,'a:0:{}','cowey'),(196,'create','2012-07-05 10:55:39','40','Papyrillio\\BeehiveBundle\\Entity\\Correction',1,'a:3:{s:8:\"position\";s:2:\"11\";s:11:\"description\";s:118:\"ἀπὸ πα[ρ]όντος → ἀπὸ το[ῦ] ὄντος (nach dem Photo), D. Hagedorn, ZPE 138 (2002), S. 118.\";s:6:\"status\";s:9:\"unchecked\";}','cowey'),(197,'create','2012-07-05 11:11:35','41','Papyrillio\\BeehiveBundle\\Entity\\Correction',1,'a:3:{s:8:\"position\";s:2:\"17\";s:11:\"description\";s:149:\"νότου → νότον und wohl χρηστηρίοις̣ statt χρηστηρίοισι (nach dem Photo), D. Hagedorn, ZPE 138 (2002), S. 118.\";s:6:\"status\";s:9:\"unchecked\";}','cowey'),(198,'create','2012-07-05 11:22:35','42','Papyrillio\\BeehiveBundle\\Entity\\Correction',1,'a:3:{s:8:\"position\";s:1:\"7\";s:11:\"description\";s:96:\"γέγραπθαι → γενέσθαι (nach dem Photo), D. Hagedorn, ZPE 138 (2002), S. 113.\";s:6:\"status\";s:9:\"unchecked\";}','cowey'),(199,'create','2012-07-05 11:25:20','43','Papyrillio\\BeehiveBundle\\Entity\\Correction',1,'a:3:{s:8:\"position\";s:1:\"3\";s:11:\"description\";s:111:\"γρ(άμματα)  ̣ : viell. γρ(άμματα) ι̣γ̣[d]/, D. Hagedorn, ZPE 138 (2002), S. 113, Anm. 2.\";s:6:\"status\";s:9:\"unchecked\";}','cowey'),(200,'create','2012-07-05 11:27:48','44','Papyrillio\\BeehiveBundle\\Entity\\Correction',1,'a:3:{s:8:\"position\";s:1:\"4\";s:11:\"description\";s:64:\"θ → ε (nach dem Photo), D. Hagedorn, ZPE 138 (2002), S. 113.\";s:6:\"status\";s:9:\"unchecked\";}','cowey'),(201,'create','2012-07-05 11:40:55','45','Papyrillio\\BeehiveBundle\\Entity\\Correction',1,'a:3:{s:8:\"position\";N;s:11:\"description\";s:104:\"Viell. auf das Jahr 588/9 n.Chr. zu datieren, D. Hagedorn, ZPE 138 (2002), S. 114 (vgl. B.L. 12, S. 28).\";s:6:\"status\";s:9:\"unchecked\";}','cowey'),(202,'create','2012-07-05 11:43:05','46','Papyrillio\\BeehiveBundle\\Entity\\Correction',1,'a:3:{s:8:\"position\";s:4:\"1, 4\";s:11:\"description\";s:64:\"θ → ε (nach dem Photo), D. Hagedorn, ZPE 138 (2002), S. 115.\";s:6:\"status\";s:9:\"unchecked\";}','cowey'),(203,'update','2012-07-05 11:43:38','46','Papyrillio\\BeehiveBundle\\Entity\\Correction',2,'a:1:{s:11:\"description\";s:76:\"θεῷ → θ(ε)ῷ (nach dem Photo), D. Hagedorn, ZPE 138 (2002), S. 115.\";}','cowey'),(204,'create','2012-07-05 11:45:52','47','Papyrillio\\BeehiveBundle\\Entity\\Correction',1,'a:3:{s:8:\"position\";s:1:\"4\";s:11:\"description\";s:123:\"σὺν θ̣(εῷ) ἐ̣γ̣ρ̣(άφη) → συμ̣φ(ωνεῖ) (nach dem Photo), D. Hagedorn, ZPE 138 (2002), S. 115.\";s:6:\"status\";s:9:\"unchecked\";}','cowey'),(205,'create','2012-07-05 12:00:52','48','Papyrillio\\BeehiveBundle\\Entity\\Correction',1,'a:3:{s:8:\"position\";s:1:\"3\";s:11:\"description\";s:285:\"κατὰ γῆν ἑξῆς. ἐπειδὴ δὲ οὐ θέλοντος θέλω ἀπελθεῖν → κατὰ τὴν (sc. ἡμέραν) ἑξῆς, ἐπειδὴ θεοῦ θέλοντος θέλω ἀνελθεῖν (nach dem Photo), D. Hagedorn, ZPE 138 (2002), S. 115.\";s:6:\"status\";s:9:\"unchecked\";}','cowey'),(206,'create','2012-07-05 12:03:34','49','Papyrillio\\BeehiveBundle\\Entity\\Correction',1,'a:3:{s:8:\"position\";s:3:\"5-6\";s:11:\"description\";s:432:\"προσῆλθεν, τῇ αὐτῇ | μεγαλοπρέ(πεια) ἐν τ ̣  ̣  ̣  ̣ γράφοις καὶ →  προσῆλθεν τῇ αὐτο̣ῦ̣ (oder αὐτῶ̣ν̣?) | μεγαλοπρε(πείᾳ) ἐν π̣ρ̣ο̣σ̣γράφοις κατὰ (nach dem Photo), l.c., Anm. 12, aber ἐν τ ̣  ̣  ̣  ̣ γράφοις → ἐν τ̣ο̣ῖ̣ς̣ ἀ̣γράφοις, K. Worp, ZPE 140 (2002), S. 164.\";s:6:\"status\";s:9:\"unchecked\";}','cowey'),(207,'update','2012-07-05 12:03:56','49','Papyrillio\\BeehiveBundle\\Entity\\Correction',2,'a:0:{}','cowey'),(208,'update','2012-07-05 12:06:46','49','Papyrillio\\BeehiveBundle\\Entity\\Correction',3,'a:1:{s:11:\"description\";s:463:\"προσῆλθεν, τῇ αὐτῇ | μεγαλοπρέ(πεια) ἐν τ ̣  ̣  ̣  ̣ γράφοις καὶ →  προσῆλθεν τῇ αὐτο̣ῦ̣ (oder αὐτῶ̣ν̣?) | μεγαλοπρε(πείᾳ) ἐν π̣ρ̣ο̣σ̣γράφοις κατὰ (nach dem Photo), D. Hagedorn, ZPE 138 (2002), S. 115, Anm. 12, aber ἐν τ ̣  ̣  ̣  ̣ γράφοις → ἐν τ̣ο̣ῖ̣ς̣ ἀ̣γράφοις, K. Worp, ZPE 140 (2002), S. 164.\";}','cowey'),(209,'create','2012-07-05 12:09:08','50','Papyrillio\\BeehiveBundle\\Entity\\Correction',1,'a:3:{s:8:\"position\";s:3:\"7-8\";s:11:\"description\";s:152:\"τὸ | [     ] περὶ πεδίον → τὸ | περιπέδιον (l. τὴν περιπέτειαν), D. Hagedorn, ZPE 138 (2002), S. 115-116.\";s:6:\"status\";s:9:\"unchecked\";}','cowey'),(210,'update','2012-07-05 12:09:24','50','Papyrillio\\BeehiveBundle\\Entity\\Correction',2,'a:0:{}','cowey'),(211,'create','2012-07-05 13:29:44','51','Papyrillio\\BeehiveBundle\\Entity\\Correction',1,'a:3:{s:8:\"position\";N;s:11:\"description\";s:86:\"Zu datieren: 11.3.457 n.Chr. (gegen B.L. 11, S. 45), N. Gonis, ZPE 138 (2002), S. 140.\";s:6:\"status\";s:9:\"unchecked\";}','cowey'),(212,'create','2012-07-05 13:32:43','52','Papyrillio\\BeehiveBundle\\Entity\\Correction',1,'a:3:{s:8:\"position\";s:1:\"1\";s:11:\"description\";s:134:\"ηὗρά → wohl ηὗρόν; weniger wahrscheinlich ist ηὗρώ (nach dem Photo), F. Morelli, ZPE 138 (2002), S. 166, Anm. 7.\";s:6:\"status\";s:9:\"unchecked\";}','cowey'),(213,'create','2012-07-05 13:34:51','53','Papyrillio\\BeehiveBundle\\Entity\\Correction',1,'a:3:{s:8:\"position\";s:1:\"2\";s:11:\"description\";s:201:\"διμίου σταυροῦ → Διμίου Σταυροῦ (l. Τιμίου Σταυροῦ), wohl der Name eines Klosters (vgl. Stud. Pal. 10. 219, Z. 9), F. Morelli, ZPE 138 (2002), S. 159-160.\";s:6:\"status\";s:9:\"unchecked\";}','cowey'),(214,'create','2012-07-05 13:44:32','54','Papyrillio\\BeehiveBundle\\Entity\\Correction',1,'a:3:{s:8:\"position\";s:1:\"3\";s:11:\"description\";s:182:\"Ζίννις ist im Norden des Fayyums unweit von Phanu zu lokalisieren, l.c., S. 166-167; το[  ̣ ]  ̣  ̣θεοῦ → τοῦ θεοῦ (nach dem Photo), l.c., S. 166, Anm. 8.\";s:6:\"status\";s:9:\"unchecked\";}','cowey'),(215,'update','2012-07-05 13:44:44','54','Papyrillio\\BeehiveBundle\\Entity\\Correction',2,'a:1:{s:11:\"description\";s:204:\"Ζίννις ist im Norden des Fayyums unweit von Phanu zu lokalisieren, F. Morelli, ZPE 138 (2002), S. 166-167; το[  ̣ ]  ̣  ̣θεοῦ → τοῦ θεοῦ (nach dem Photo), l.c., S. 166, Anm. 8.\";}','cowey'),(216,'update','2012-07-05 13:46:07','54','Papyrillio\\BeehiveBundle\\Entity\\Correction',3,'a:1:{s:11:\"description\";s:113:\"Ζίννις ist im Norden des Fayyums unweit von Phanu zu lokalisieren, F. Morelli, ZPE 138 (2002), S. 166-167.\";}','cowey'),(217,'create','2012-07-05 13:46:56','55','Papyrillio\\BeehiveBundle\\Entity\\Correction',1,'a:3:{s:8:\"position\";s:1:\"3\";s:11:\"description\";s:112:\"το[  ̣ ]  ̣  ̣θεοῦ → τοῦ θεοῦ (nach dem Photo), F. Morelli, ZPE 138 (2002), S. 166, Anm. 8.\";s:6:\"status\";s:9:\"unchecked\";}','cowey'),(218,'create','2012-07-05 13:48:32','56','Papyrillio\\BeehiveBundle\\Entity\\Correction',1,'a:3:{s:8:\"position\";s:1:\"4\";s:11:\"description\";s:106:\"Βερενικίς entspricht Βερενικὶς Αἰγιαλοῦ, F. Morelli, ZPE 138 (2002), S. 167.\";s:6:\"status\";s:9:\"unchecked\";}','cowey'),(219,'create','2012-07-05 13:59:42','57','Papyrillio\\BeehiveBundle\\Entity\\Correction',1,'a:3:{s:8:\"position\";s:5:\"R° 7\";s:11:\"description\";s:156:\"Ἀπολ̣λ̣ω̣[ν]ίου: viell. Γ̣υ̣μ̣ν̣α̣σ̣ί̣ου (am Original geprüft von I. Andorlini), F. Reiter, ZPE 138 (2002), S. 129, Anm. 2.\";s:6:\"status\";s:9:\"unchecked\";}','cowey'),(220,'create','2012-07-05 14:34:10','58','Papyrillio\\BeehiveBundle\\Entity\\Correction',1,'a:3:{s:8:\"position\";s:6:\"VII 13\";s:11:\"description\";s:112:\"ἑξαμή(νου) → ἐξ ἀλλη(λεγγύης) (nach dem Photo), D. Hagedorn, ZPE 138 (2002), S. 116.\";s:6:\"status\";s:9:\"unchecked\";}','cowey'),(221,'create','2012-07-05 14:39:51','59','Papyrillio\\BeehiveBundle\\Entity\\Correction',1,'a:3:{s:8:\"position\";N;s:11:\"description\";s:75:\"Nd.: F. Morelli, ZPE 138 (2002), S. 154-155. Abdruck in S.B. 28 vorgesehen.\";s:6:\"status\";s:9:\"unchecked\";}','cowey'),(222,'create','2012-07-05 14:43:51','60','Papyrillio\\BeehiveBundle\\Entity\\Correction',1,'a:3:{s:8:\"position\";N;s:11:\"description\";s:75:\"Nd.: F. Morelli, ZPE 138 (2002), S. 155-156. Abdruck in S.B. 28 vorgesehen.\";s:6:\"status\";s:9:\"unchecked\";}','cowey'),(223,'create','2012-07-05 14:54:47','61','Papyrillio\\BeehiveBundle\\Entity\\Correction',1,'a:3:{s:8:\"position\";s:3:\"125\";s:11:\"description\";s:144:\"Nur ιγ (ἔτους) τιμῆς (πυρ.) steht in der Zeile (am Original geprüft von N. Gonis), F. Reiter, ZPE 138 (2002), S. 131, Anm. 19.\";s:6:\"status\";s:9:\"unchecked\";}','cowey'),(224,'create','2012-07-05 14:58:16','62','Papyrillio\\BeehiveBundle\\Entity\\Correction',1,'a:3:{s:8:\"position\";s:2:\"14\";s:11:\"description\";s:169:\"̣  ̣  ̣  ̣  ̣  ̣  ̣η̣ς̣ → κ̣α̣τ̣α̣σ̣κ̣ε̣υ̣ῆ̣ς̣ δη|[μοσίου, -ας, -ων (nach dem Photo), D. Hagedorn, ZPE 138 (2002), S. 117.\";s:6:\"status\";s:9:\"unchecked\";}','cowey'),(225,'create','2012-07-05 15:00:30','63','Papyrillio\\BeehiveBundle\\Entity\\Correction',1,'a:3:{s:8:\"position\";N;s:11:\"description\";s:93:\"Herkunft vermutlich Arsinoites (vgl. Stud. Pal. 10. 219), F. Morelli, ZPE 138 (2002), S. 164.\";s:6:\"status\";s:9:\"unchecked\";}','cowey'),(226,'create','2012-07-05 15:03:48','64','Papyrillio\\BeehiveBundle\\Entity\\Correction',1,'a:3:{s:8:\"position\";N;s:11:\"description\";s:81:\"Möglicherweise aus dem Hermopolites, F. Reiter, ZPE 138 (2002), S. 132, Anm. 32.\";s:6:\"status\";s:9:\"unchecked\";}','cowey'),(227,'create','2012-07-05 15:09:28','65','Papyrillio\\BeehiveBundle\\Entity\\Correction',1,'a:3:{s:8:\"position\";N;s:11:\"description\";s:67:\"Stammt wohl aus dem Arsinoites, F. Morelli, ZPE 138 (2002), S. 162.\";s:6:\"status\";s:9:\"unchecked\";}','cowey'),(228,'create','2012-07-05 15:10:51','66','Papyrillio\\BeehiveBundle\\Entity\\Correction',1,'a:3:{s:8:\"position\";N;s:11:\"description\";s:67:\"Stammt wohl aus dem Arsinoites, F. Morelli, ZPE 138 (2002), S. 162.\";s:6:\"status\";s:9:\"unchecked\";}','cowey'),(229,'create','2012-07-11 10:03:08','37','Papyrillio\\BeehiveBundle\\Entity\\Task',1,'a:2:{s:11:\"description\";s:44:\"Enter correction into DDb through the editor\";s:7:\"cleared\";N;}','cowey'),(230,'create','2012-07-11 10:03:08','67','Papyrillio\\BeehiveBundle\\Entity\\Correction',1,'a:3:{s:8:\"position\";s:1:\"6\";s:11:\"description\";s:96:\"εἰ δύ’ ἔπεμψα → εἰδο̣ύ (l. ἰδού), ἔπεμψα (nach dem Photo),\";s:6:\"status\";s:9:\"unchecked\";}','cowey'),(231,'update','2012-07-11 10:04:12','67','Papyrillio\\BeehiveBundle\\Entity\\Correction',2,'a:0:{}','cowey'),(232,'update','2012-07-11 10:05:29','67','Papyrillio\\BeehiveBundle\\Entity\\Correction',3,'a:1:{s:11:\"description\";s:133:\"εἰ δύ’ ἔπεμψα → εἰδο̣ύ (l. ἰδού), ἔπεμψα (nach dem Photo), D. Hagedorn, ZPE 138 (2002), S. 117.\";}','cowey'),(233,'create','2012-07-11 10:07:25','38','Papyrillio\\BeehiveBundle\\Entity\\Task',1,'a:2:{s:11:\"description\";s:44:\"Enter correction into DDb through the editor\";s:7:\"cleared\";N;}','cowey'),(234,'create','2012-07-11 10:07:25','68','Papyrillio\\BeehiveBundle\\Entity\\Correction',1,'a:3:{s:8:\"position\";s:1:\"1\";s:11:\"description\";s:213:\"Ἀσ̣αγ̣ῶ̣ν (oder Ἀγ̣αγ̣ῶ̣ν) → Ἀγάμ̣ων (nach dem Photo), und für die Ergänzung des Namens Ἀπ̣[όλλωνι sind andere Lösungen möglich, D. Hagedorn, ZPE 138 (2002), S. 117.\";s:6:\"status\";s:9:\"unchecked\";}','cowey'),(235,'create','2012-07-11 11:06:59','39','Papyrillio\\BeehiveBundle\\Entity\\Task',1,'a:2:{s:11:\"description\";s:44:\"Enter correction into DDb through the editor\";s:7:\"cleared\";N;}','cowey'),(236,'create','2012-07-11 11:06:59','69','Papyrillio\\BeehiveBundle\\Entity\\Correction',1,'a:3:{s:8:\"position\";s:2:\"10\";s:11:\"description\";s:68:\"εἰ δ’ οὐ → εἰδού (l. ἰδού) (nach dem Photo),\";s:6:\"status\";s:9:\"unchecked\";}','cowey'),(237,'update','2012-07-11 11:07:19','69','Papyrillio\\BeehiveBundle\\Entity\\Correction',2,'a:1:{s:11:\"description\";s:105:\"εἰ δ’ οὐ → εἰδού (l. ἰδού) (nach dem Photo), D. Hagedorn, ZPE 138 (2002), S. 117.\";}','cowey'),(238,'create','2012-07-11 11:40:15','40','Papyrillio\\BeehiveBundle\\Entity\\Task',1,'a:2:{s:11:\"description\";s:33:\"Enter into DDb through the editor\";s:7:\"cleared\";N;}','cowey'),(239,'create','2012-07-11 11:40:15','70','Papyrillio\\BeehiveBundle\\Entity\\Correction',1,'a:3:{s:8:\"position\";N;s:11:\"description\";s:87:\"Nd.: H.M. Cotton – W. Eck, ZPE 138 (2002), S. 173-178. Abdruck in S.B. 28 vorgesehen.\";s:6:\"status\";s:9:\"unchecked\";}','cowey'),(240,'create','2012-07-11 11:54:34','41','Papyrillio\\BeehiveBundle\\Entity\\Task',1,'a:2:{s:11:\"description\";s:33:\"Enter into DDb through the editor\";s:7:\"cleared\";N;}','cowey'),(241,'create','2012-07-11 11:54:34','71','Papyrillio\\BeehiveBundle\\Entity\\Correction',1,'a:3:{s:8:\"position\";s:5:\"22-24\";s:11:\"description\";s:267:\"Viell. → (ἔτους) [ια Αὐρηλίου Ἀντωνίνου] | [Καίσαρο]ς̣ τοῦ κυ[ρίο]υ Ἀρμενια[κοῦ Μηδικοῦ] | [Παρθικ]οῦ μ̣[εγίσ]του Φαμεν[ὼθ κτλ., D. Hagedorn, ZPE 138 (2002), S. 118.\";s:6:\"status\";s:9:\"unchecked\";}','cowey'),(242,'update','2012-07-11 11:54:42','41','Papyrillio\\BeehiveBundle\\Entity\\Task',2,'a:1:{s:7:\"cleared\";O:8:\"DateTime\":3:{s:4:\"date\";s:19:\"2012-07-11 11:54:42\";s:13:\"timezone_type\";i:3;s:8:\"timezone\";s:13:\"Europe/Berlin\";}}','cowey'),(243,'update','2012-07-11 11:57:05','41','Papyrillio\\BeehiveBundle\\Entity\\Task',3,'a:1:{s:7:\"cleared\";O:8:\"DateTime\":3:{s:4:\"date\";s:19:\"2012-07-11 11:57:05\";s:13:\"timezone_type\";i:3;s:8:\"timezone\";s:13:\"Europe/Berlin\";}}','cowey'),(244,'update','2012-07-11 11:57:09','41','Papyrillio\\BeehiveBundle\\Entity\\Task',4,'a:1:{s:7:\"cleared\";N;}','cowey'),(245,'create','2012-07-11 12:01:56','42','Papyrillio\\BeehiveBundle\\Entity\\Task',1,'a:2:{s:11:\"description\";s:44:\"Enter correction into DDb through the editor\";s:7:\"cleared\";N;}','cowey'),(246,'create','2012-07-11 12:01:56','72','Papyrillio\\BeehiveBundle\\Entity\\Correction',1,'a:3:{s:8:\"position\";s:3:\"6-7\";s:11:\"description\";s:156:\"πᾶν |  vac.  ὑγια̣ί̣ν̣[ειν → παν|ο̣ι̣κ̣ὶ̣ ὑγια̣ί̣ν̣[ειν (nach dem Photo), D. Hagedorn, ZPE 138 (2002), S. 117.\";s:6:\"status\";s:9:\"unchecked\";}','cowey'),(247,'create','2012-07-11 12:32:42','43','Papyrillio\\BeehiveBundle\\Entity\\Task',1,'a:2:{s:11:\"description\";s:32:\"Check against HGV in papyri.info\";s:7:\"cleared\";N;}','cowey'),(248,'create','2012-07-11 12:32:42','73','Papyrillio\\BeehiveBundle\\Entity\\Correction',1,'a:3:{s:8:\"position\";N;s:11:\"description\";s:81:\"Zu datieren in das 8. Jahrh. n.Chr., F. Morelli, ZPE 138 (2002), S. 167, Anm. 10.\";s:6:\"status\";s:9:\"unchecked\";}','cowey'),(249,'create','2012-07-11 12:36:31','44','Papyrillio\\BeehiveBundle\\Entity\\Task',1,'a:2:{s:11:\"description\";s:32:\"Check against HGV in papyri.info\";s:7:\"cleared\";N;}','cowey'),(250,'create','2012-07-11 12:36:31','74','Papyrillio\\BeehiveBundle\\Entity\\Correction',1,'a:3:{s:8:\"position\";N;s:11:\"description\";s:80:\"Zu datieren in das 8. Jahrh. n.Chr., F. Morelli, ZPE 138 (2002), S. 160, Anm. 1.\";s:6:\"status\";s:9:\"unchecked\";}','cowey'),(251,'create','2012-07-11 12:39:05','45','Papyrillio\\BeehiveBundle\\Entity\\Task',1,'a:2:{s:11:\"description\";s:44:\"Enter correction into DDb through the editor\";s:7:\"cleared\";N;}','cowey'),(252,'create','2012-07-11 12:39:05','75','Papyrillio\\BeehiveBundle\\Entity\\Correction',1,'a:3:{s:8:\"position\";s:1:\"1\";s:11:\"description\";s:334:\"ἀ̣παργυ(ρισμὸς) ψω(μίων) δ(ο)θ(έντων) μον(αστηρίῳ) Μ̣α̣κ̣αρί(ου) → ἀπαργυ(ρισμὸς) ψω(μίων) δ(ο)θ(έντων) μοα̣γ(αρίταις) τοῦ νο(μίσματος) α ἀρτ(άβαι) ι (am Original), F. Morelli, ZPE 138 (2002), S. 160, Anm. 1.\";s:6:\"status\";s:9:\"unchecked\";}','cowey'),(253,'create','2012-07-11 13:40:33','46','Papyrillio\\BeehiveBundle\\Entity\\Task',1,'a:2:{s:11:\"description\";s:32:\"Check against HGV in papyri.info\";s:7:\"cleared\";N;}','cowey'),(254,'create','2012-07-11 13:40:33','76','Papyrillio\\BeehiveBundle\\Entity\\Correction',1,'a:3:{s:8:\"position\";N;s:11:\"description\";s:80:\"Zu datieren in das 7. Jahrh. n.Chr., F. Morelli, ZPE 138 (2002), S. 165, Anm. 6.\";s:6:\"status\";s:9:\"unchecked\";}','cowey'),(255,'create','2012-07-11 13:46:22','47','Papyrillio\\BeehiveBundle\\Entity\\Task',1,'a:2:{s:11:\"description\";s:33:\"Enter into DDb through the editor\";s:7:\"cleared\";N;}','cowey'),(256,'create','2012-07-11 13:46:22','77','Papyrillio\\BeehiveBundle\\Entity\\Correction',1,'a:3:{s:8:\"position\";s:7:\"R° A 3\";s:11:\"description\";s:297:\"Zu lesen: ]ε̣ρ̣  ̣  ̣τω (κ̣α̣ὶ̣) Πιαγ̣κου φ̣α̣ν̣ά̣τ̣ῃ̣ ἁ̣γ̣ία(ς)  ̣ ἐκκλ̣[η(σίας)] λ(ι)[τ(ὰ)] (κεράτια) η (κ̣α̣ὶ̣) [; nach ἁ̣γ̣ία(ς) viell. μ̣(ε)[γ(άλης)], F. Morelli, ZPE 138 (2002), S. 165, Anm. 6.\";s:6:\"status\";s:9:\"unchecked\";}','cowey'),(257,'create','2012-07-11 13:54:44','48','Papyrillio\\BeehiveBundle\\Entity\\Task',1,'a:2:{s:11:\"description\";s:44:\"Enter correction into DDb through the editor\";s:7:\"cleared\";N;}','cowey'),(258,'create','2012-07-11 13:54:44','78','Papyrillio\\BeehiveBundle\\Entity\\Correction',1,'a:3:{s:8:\"position\";s:7:\"R° A 4\";s:11:\"description\";s:150:\"/ιϟ κνδ α → λ̣(ι)τ̣(ὰ) (κεράτια) ι (καὶ) κν(ί)δ(ιον) α (am Original), F. Morelli, ZPE 138 (2002), S. 165, Anm. 6.\";s:6:\"status\";s:9:\"unchecked\";}','cowey'),(259,'create','2012-07-11 13:55:54','49','Papyrillio\\BeehiveBundle\\Entity\\Task',1,'a:2:{s:11:\"description\";s:44:\"Enter correction into DDb through the editor\";s:7:\"cleared\";N;}','cowey'),(260,'create','2012-07-11 13:55:54','79','Papyrillio\\BeehiveBundle\\Entity\\Correction',1,'a:3:{s:8:\"position\";s:9:\"R° A 5-8\";s:11:\"description\";s:139:\"Am Anfang der Zeilen: δ(ο)θ(έντα) oder δ(οθέντα) statt δ(ιά) (am Original), F. Morelli, ZPE 138 (2002), S. 165, Anm. 6.\";s:6:\"status\";s:9:\"unchecked\";}','cowey'),(261,'create','2012-07-11 13:58:55','50','Papyrillio\\BeehiveBundle\\Entity\\Task',1,'a:2:{s:11:\"description\";s:44:\"Enter correction into DDb through the editor\";s:7:\"cleared\";N;}','cowey'),(262,'create','2012-07-11 13:58:55','80','Papyrillio\\BeehiveBundle\\Entity\\Correction',1,'a:3:{s:8:\"position\";s:7:\"R° A 5\";s:11:\"description\";s:205:\"Τωρωνεου → Τωρωθ̣έου und am Ende der Zeile ist λ(ι)τ̣(ὰ) (κεράτια) ι (καὶ) κν(ί)δ(ιον) α zu lessen (am Original), F. Morelli, ZPE 138 (2002), S. 165, Anm. 6.\";s:6:\"status\";s:9:\"unchecked\";}','cowey'),(263,'update','2012-07-11 13:59:07','80','Papyrillio\\BeehiveBundle\\Entity\\Correction',2,'a:0:{}','cowey'),(264,'create','2012-07-11 14:22:32','51','Papyrillio\\BeehiveBundle\\Entity\\Task',1,'a:2:{s:11:\"description\";s:44:\"Enter correction into DDb through the editor\";s:7:\"cleared\";N;}','cowey'),(265,'create','2012-07-11 14:22:32','81','Papyrillio\\BeehiveBundle\\Entity\\Correction',1,'a:3:{s:8:\"position\";s:7:\"R° A 6\";s:11:\"description\";s:148:\"/ιϟ κνδ α → λ(ι)τ̣(ὰ) (κεράτια) ι (καὶ) κν(ί)δ(ιον) α (am Original), F. Morelli, ZPE 138 (2002), S. 165, Anm. 6.\";s:6:\"status\";s:9:\"unchecked\";}','cowey'),(266,'create','2012-07-11 14:25:21','52','Papyrillio\\BeehiveBundle\\Entity\\Task',1,'a:2:{s:11:\"description\";s:44:\"Enter correction into DDb through the editor\";s:7:\"cleared\";N;}','cowey'),(267,'create','2012-07-11 14:25:21','82','Papyrillio\\BeehiveBundle\\Entity\\Correction',1,'a:3:{s:8:\"position\";s:7:\"R° A 7\";s:11:\"description\";s:136:\"Am Ende der Zeile: λ(ι)τ(ὰ) (κεράτια) // κν(ί)δ(ιον) [α (am Original), F. Morelli, ZPE 138 (2002), S. 165, Anm. 6.\";s:6:\"status\";s:9:\"unchecked\";}','cowey'),(268,'create','2012-07-11 14:31:54','53','Papyrillio\\BeehiveBundle\\Entity\\Task',1,'a:2:{s:11:\"description\";s:44:\"Enter correction into DDb through the editor\";s:7:\"cleared\";N;}','cowey'),(269,'create','2012-07-11 14:31:54','83','Papyrillio\\BeehiveBundle\\Entity\\Correction',1,'a:3:{s:8:\"position\";s:7:\"R° A 8\";s:11:\"description\";s:164:\"→ τοῦ Ἁγίο(υ) Ἰω(άννου) λ(ι)τ(ὰ) (κεράτια) // κ[ν(ί)δ(ιον)] α (am Original), F. Morelli, ZPE 138 (2002), S. 165, Anm. 6.\";s:6:\"status\";s:9:\"unchecked\";}','cowey'),(270,'create','2012-07-11 14:48:37','54','Papyrillio\\BeehiveBundle\\Entity\\Task',1,'a:2:{s:11:\"description\";s:44:\"Enter correction into DDb through the editor\";s:7:\"cleared\";N;}','cowey'),(271,'create','2012-07-11 14:48:37','84','Papyrillio\\BeehiveBundle\\Entity\\Correction',1,'a:3:{s:8:\"position\";s:5:\"V° 8\";s:11:\"description\";s:72:\"ιζ → ις (am Original), F. Morelli, ZPE 138 (2002), S. 165, Anm. 6.\";s:6:\"status\";s:9:\"unchecked\";}','cowey'),(272,'create','2012-07-11 14:58:49','55','Papyrillio\\BeehiveBundle\\Entity\\Task',1,'a:2:{s:11:\"description\";s:44:\"Enter correction into DDb through the editor\";s:7:\"cleared\";N;}','cowey'),(273,'create','2012-07-11 14:58:49','85','Papyrillio\\BeehiveBundle\\Entity\\Correction',1,'a:3:{s:8:\"position\";s:6:\"V° 17\";s:11:\"description\";s:152:\"το[ῦ ἐπ]ι[σ]κόπου → το[ῦ Ἁγ]ίου (am Original); der Name des Heiligen ist unklar, F. Morelli, ZPE 138 (2002), S. 165, Anm. 6.\";s:6:\"status\";s:9:\"unchecked\";}','cowey'),(274,'create','2012-07-11 15:12:48','56','Papyrillio\\BeehiveBundle\\Entity\\Task',1,'a:2:{s:11:\"description\";s:32:\"Check against HGV in papyri.info\";s:7:\"cleared\";N;}','cowey'),(275,'create','2012-07-11 15:12:48','86','Papyrillio\\BeehiveBundle\\Entity\\Correction',1,'a:3:{s:8:\"position\";N;s:11:\"description\";s:84:\"Zu datieren in das 7.-8. Jahrh. n.Chr., F. Morelli, ZPE 138 (2002), S. 167, Anm. 10.\";s:6:\"status\";s:9:\"unchecked\";}','cowey'),(276,'create','2012-07-11 15:14:36','57','Papyrillio\\BeehiveBundle\\Entity\\Task',1,'a:2:{s:11:\"description\";s:44:\"Enter correction into DDb through the editor\";s:7:\"cleared\";N;}','cowey'),(277,'create','2012-07-11 15:14:36','87','Papyrillio\\BeehiveBundle\\Entity\\Correction',1,'a:3:{s:8:\"position\";s:1:\"1\";s:11:\"description\";s:186:\"Πεννο( ) κ(εφαλαιώτης) τῶ(ν) ἁλιέων → σ̣ὺ̣ν νο(μίσμασι) β τῶν ἁλιέων (am Original), F. Morelli, ZPE 138 (2002), S. 167, Anm. 10.\";s:6:\"status\";s:9:\"unchecked\";}','cowey'),(278,'update','2012-07-11 15:14:45','87','Papyrillio\\BeehiveBundle\\Entity\\Correction',2,'a:0:{}','cowey'),(279,'create','2012-07-11 15:18:56','58','Papyrillio\\BeehiveBundle\\Entity\\Task',1,'a:2:{s:11:\"description\";s:32:\"Check against HGV in papyri.info\";s:7:\"cleared\";N;}','cowey'),(280,'create','2012-07-11 15:18:56','88','Papyrillio\\BeehiveBundle\\Entity\\Correction',1,'a:3:{s:8:\"position\";N;s:11:\"description\";s:81:\"Zu datieren in das 8. Jahrh. n.Chr., F. Morelli, ZPE 138 (2002), S. 167, Anm. 10.\";s:6:\"status\";s:9:\"unchecked\";}','cowey'),(281,'create','2012-07-11 15:20:48','59','Papyrillio\\BeehiveBundle\\Entity\\Task',1,'a:2:{s:11:\"description\";s:32:\"Check against HGV in papyri.info\";s:7:\"cleared\";N;}','cowey'),(282,'create','2012-07-11 15:20:48','89','Papyrillio\\BeehiveBundle\\Entity\\Correction',1,'a:3:{s:8:\"position\";N;s:11:\"description\";s:84:\"Zu datieren in das 7.-8. Jahrh. n.Chr., F. Morelli, ZPE 138 (2002), S. 167, Anm. 10.\";s:6:\"status\";s:9:\"unchecked\";}','cowey'),(283,'create','2012-07-11 15:23:40','90','Papyrillio\\BeehiveBundle\\Entity\\Correction',1,'a:3:{s:8:\"position\";N;s:11:\"description\";s:75:\"Nd.: F. Morelli, ZPE 138 (2002), S. 149-153. Abdruck in S.B. 28 vorgesehen.\";s:6:\"status\";s:9:\"unchecked\";}','cowey'),(284,'create','2012-07-11 15:28:41','60','Papyrillio\\BeehiveBundle\\Entity\\Task',1,'a:2:{s:11:\"description\";s:32:\"Check against HGV in papyri.info\";s:7:\"cleared\";N;}','cowey'),(285,'create','2012-07-11 15:28:41','91','Papyrillio\\BeehiveBundle\\Entity\\Correction',1,'a:3:{s:8:\"position\";N;s:11:\"description\";s:72:\"Zu datieren in das 7. Jahrh. n.Chr., F. Morelli, ZPE 138 (2002), S. 166.\";s:6:\"status\";s:9:\"unchecked\";}','cowey'),(286,'create','2012-07-11 15:40:41','61','Papyrillio\\BeehiveBundle\\Entity\\Task',1,'a:2:{s:11:\"description\";s:32:\"Check against HGV in papyri.info\";s:7:\"cleared\";N;}','cowey'),(287,'create','2012-07-11 15:40:41','92','Papyrillio\\BeehiveBundle\\Entity\\Correction',1,'a:3:{s:8:\"position\";N;s:11:\"description\";s:63:\"Gehört in den Arsinoites., F. Morelli, ZPE 138 (2002), S. 162.\";s:6:\"status\";s:9:\"unchecked\";}','cowey'),(288,'create','2012-07-11 16:25:33','62','Papyrillio\\BeehiveBundle\\Entity\\Task',1,'a:2:{s:11:\"description\";s:32:\"Check against HGV in papyri.info\";s:7:\"cleared\";N;}','cowey'),(289,'create','2012-07-11 16:25:33','93','Papyrillio\\BeehiveBundle\\Entity\\Correction',1,'a:3:{s:8:\"position\";N;s:11:\"description\";s:207:\"Zu datieren: 4.5.243 n.Chr. (Jahr unsicher) für die Quittung in Z. 1-8 und 243-244 (?) für Z. 9-13 (vgl. ZPE 139 (2002), S. 148). Die Herkunft ist wohl Herakleopolis, F. Reiter, ZPE 138 (2002), S. 129-130.\";s:6:\"status\";s:9:\"unchecked\";}','cowey'),(290,'create','2012-07-11 16:28:23','63','Papyrillio\\BeehiveBundle\\Entity\\Task',1,'a:2:{s:11:\"description\";s:44:\"Enter correction into DDb through the editor\";s:7:\"cleared\";N;}','cowey'),(291,'create','2012-07-11 16:28:23','94','Papyrillio\\BeehiveBundle\\Entity\\Correction',1,'a:3:{s:8:\"position\";s:1:\"4\";s:11:\"description\";s:215:\"ἀ(πὸ) Ἀπ[ο]λλων̣ί̣ο̣υ̣ [ἀμ]φ̣[ό]δ̣ο̣[υ] → (πρότερον) Ἀπ[ο]λλωνίου [ἀμ]φ̣[ο]δ̣α̣(ρχίας) (nach dem Photo), F. Reiter, ZPE 138 (2002), S. 129-130.\";s:6:\"status\";s:9:\"unchecked\";}','cowey'),(292,'create','2012-07-11 16:32:23','64','Papyrillio\\BeehiveBundle\\Entity\\Task',1,'a:2:{s:11:\"description\";s:44:\"Enter correction into DDb through the editor\";s:7:\"cleared\";N;}','cowey'),(293,'create','2012-07-11 16:32:23','95','Papyrillio\\BeehiveBundle\\Entity\\Correction',1,'a:3:{s:8:\"position\";s:2:\"11\";s:11:\"description\";s:191:\"ἀ(πὸ) Ἀπολλ]ωνίου ἀμφό`δ´(ου) → (πρότερον) Ἀπολλ]ωνίου ἀμφοδ(αρχίας) (nach dem Photo), F. Reiter, ZPE 138 (2002), S. 129-130.\";s:6:\"status\";s:9:\"unchecked\";}','cowey'),(294,'create','2012-07-11 16:49:27','65','Papyrillio\\BeehiveBundle\\Entity\\Task',1,'a:2:{s:11:\"description\";s:44:\"Enter correction into DDb through the editor\";s:7:\"cleared\";N;}','cowey'),(295,'create','2012-07-11 16:49:27','96','Papyrillio\\BeehiveBundle\\Entity\\Correction',1,'a:3:{s:8:\"position\";s:2:\"11\";s:11:\"description\";s:3:\"***\";s:6:\"status\";s:9:\"unchecked\";}','cowey'),(296,'create','2012-07-11 16:49:48','66','Papyrillio\\BeehiveBundle\\Entity\\Task',1,'a:2:{s:11:\"description\";s:44:\"Enter correction into DDb through the editor\";s:7:\"cleared\";N;}','cowey'),(297,'create','2012-07-11 16:49:48','97','Papyrillio\\BeehiveBundle\\Entity\\Correction',1,'a:3:{s:8:\"position\";s:2:\"11\";s:11:\"description\";s:3:\"***\";s:6:\"status\";s:9:\"unchecked\";}','cowey'),(298,'create','2012-07-11 16:50:00','67','Papyrillio\\BeehiveBundle\\Entity\\Task',1,'a:2:{s:11:\"description\";s:44:\"Enter correction into DDb through the editor\";s:7:\"cleared\";N;}','cowey'),(299,'create','2012-07-11 16:50:00','98','Papyrillio\\BeehiveBundle\\Entity\\Correction',1,'a:3:{s:8:\"position\";s:2:\"11\";s:11:\"description\";s:3:\"***\";s:6:\"status\";s:9:\"unchecked\";}','cowey'),(300,'create','2012-07-11 17:14:30','68','Papyrillio\\BeehiveBundle\\Entity\\Task',1,'a:2:{s:11:\"description\";s:44:\"Enter correction into DDb through the editor\";s:7:\"cleared\";N;}','cowey'),(301,'create','2012-07-11 17:14:30','99','Papyrillio\\BeehiveBundle\\Entity\\Correction',1,'a:3:{s:8:\"position\";s:1:\"2\";s:11:\"description\";s:132:\"κληρόσι → κ(υρίᾳ) [oder κυ̣ρ̣(ίᾳ)?] Ἡραεῖ (nach dem Photo), F. Morelli, ZPE 138 (2002), S. 156-157.\";s:6:\"status\";s:9:\"unchecked\";}','cowey'),(302,'create','2012-07-11 17:16:06','69','Papyrillio\\BeehiveBundle\\Entity\\Task',1,'a:2:{s:11:\"description\";s:44:\"Enter correction into DDb through the editor\";s:7:\"cleared\";N;}','cowey'),(303,'create','2012-07-11 17:16:06','100','Papyrillio\\BeehiveBundle\\Entity\\Correction',1,'a:3:{s:8:\"position\";s:13:\"3-4, 6-11, 16\";s:11:\"description\";s:97:\"(κεράτιον) → ζ(εῦγος) (nach dem Photo), F. Morelli, ZPE 138 (2002), S. 157-158.\";s:6:\"status\";s:9:\"unchecked\";}','cowey'),(304,'update','2012-07-16 11:08:56','96','Papyrillio\\BeehiveBundle\\Entity\\Correction',2,'a:1:{s:11:\"description\";s:104:\"βf09085b5π̣δ → βf09085b5γιβ (nach dem Photo), D. Hagedorn, ZPE 138 (2002), S. 118.\";}','lanz'),(305,'create','2012-08-01 14:06:45','70','Papyrillio\\BeehiveBundle\\Entity\\Task',1,'a:2:{s:11:\"description\";s:33:\"Enter into DDb through the editor\";s:7:\"cleared\";N;}','cowey'),(306,'create','2012-08-01 14:06:45','101','Papyrillio\\BeehiveBundle\\Entity\\Correction',1,'a:3:{s:8:\"position\";s:1:\"4\";s:11:\"description\";s:52:\"ὁμολογία]ν: viell. συγχώρησι]ν\";s:6:\"status\";s:9:\"unchecked\";}','cowey'),(307,'update','2012-08-08 14:39:58','101','Papyrillio\\BeehiveBundle\\Entity\\Correction',2,'a:0:{}','klett'),(308,'update','2012-08-08 14:43:42','101','Papyrillio\\BeehiveBundle\\Entity\\Correction',3,'a:1:{s:11:\"description\";s:88:\"ὁμολογία]ν: viell. συγχώρησι]ν, F. Mitthof, APF 55 (2009), S. 157.\";}','klett'),(309,'update','2012-08-08 14:45:58','70','Papyrillio\\BeehiveBundle\\Entity\\Task',2,'a:1:{s:7:\"cleared\";O:8:\"DateTime\":3:{s:4:\"date\";s:19:\"2012-08-08 14:45:58\";s:13:\"timezone_type\";i:3;s:8:\"timezone\";s:13:\"Europe/Berlin\";}}','cowey'),(310,'update','2012-08-08 14:46:02','70','Papyrillio\\BeehiveBundle\\Entity\\Task',3,'a:1:{s:7:\"cleared\";N;}','cowey'),(311,'create','2012-08-08 15:05:39','102','Papyrillio\\BeehiveBundle\\Entity\\Correction',1,'a:3:{s:8:\"position\";s:1:\"7\";s:11:\"description\";s:12:\"x → wohl y\";s:6:\"status\";s:9:\"unchecked\";}','klett'),(312,'create','2012-08-08 15:07:21','71','Papyrillio\\BeehiveBundle\\Entity\\Task',1,'a:2:{s:11:\"description\";s:33:\"Enter into DDb through the editor\";s:7:\"cleared\";N;}','klett'),(313,'update','2012-08-15 14:28:02','102','Papyrillio\\BeehiveBundle\\Entity\\Correction',2,'a:1:{s:11:\"description\";s:76:\"τ]ῆς ἡγεμονίας → wohl ὑπο τ]ῆς ἡγεμονίας\";}','klett'),(314,'update','2012-08-15 14:29:19','102','Papyrillio\\BeehiveBundle\\Entity\\Correction',3,'a:1:{s:11:\"description\";s:112:\"τ]ῆς ἡγεμονίας → wohl ὑπο τ]ῆς ἡγεμονίας, F. Mitthof, APF 55 (2009), S. 157.\";}','klett'),(315,'create','2012-08-15 14:58:38','103','Papyrillio\\BeehiveBundle\\Entity\\Correction',1,'a:3:{s:8:\"position\";s:2:\"15\";s:11:\"description\";s:97:\"ἐάν τι[ς ἐξ ἡμῶν → wohl nur ἐάν τι[ς, F. Mitthof, APF 55 (2009), S. 156.\";s:6:\"status\";s:9:\"unchecked\";}','klett'),(316,'create','2012-08-15 14:58:57','72','Papyrillio\\BeehiveBundle\\Entity\\Task',1,'a:2:{s:11:\"description\";s:33:\"Enter into DDb through the editor\";s:7:\"cleared\";N;}','klett'),(317,'create','2012-08-15 15:17:21','104','Papyrillio\\BeehiveBundle\\Entity\\Correction',1,'a:3:{s:8:\"position\";s:2:\"17\";s:11:\"description\";s:72:\"πενταχόεια ρλε [ ]: viell. πενταχοείας . . . [ ]\";s:6:\"status\";s:9:\"unchecked\";}','klett'),(318,'create','2012-08-15 15:18:32','73','Papyrillio\\BeehiveBundle\\Entity\\Task',1,'a:2:{s:11:\"description\";s:33:\"Enter into DDb through the editor\";s:7:\"cleared\";N;}','klett'),(319,'update','2012-08-15 15:33:03','104','Papyrillio\\BeehiveBundle\\Entity\\Correction',2,'a:1:{s:11:\"description\";s:108:\"πενταχόεια ρλε [ ]: viell. πενταχοείας . . . [ ], F. Mitthof, APF 55 (2009), S. 156.\";}','klett'),(320,'create','2012-08-16 15:38:22','105','Papyrillio\\BeehiveBundle\\Entity\\Correction',1,'a:3:{s:8:\"position\";N;s:11:\"description\";s:90:\"Zu datieren: 169/170 n.Chr. (gegen die Angabe der Hg.), F. Mitthof, APF 55 (2009), S. 157.\";s:6:\"status\";s:9:\"unchecked\";}','klett'),(321,'create','2012-08-16 15:39:52','74','Papyrillio\\BeehiveBundle\\Entity\\Task',1,'a:2:{s:11:\"description\";s:33:\"Enter into DDb through the editor\";s:7:\"cleared\";N;}','klett'),(322,'update','2012-08-16 15:40:04','105','Papyrillio\\BeehiveBundle\\Entity\\Correction',2,'a:1:{s:11:\"description\";s:90:\"Zu datieren: 169/170 n.Chr. (gegen die Angabe der Hg.), F. Mitthof, APF 55 (2009), S. 159.\";}','klett'),(323,'create','2012-08-16 16:01:33','106','Papyrillio\\BeehiveBundle\\Entity\\Correction',1,'a:3:{s:8:\"position\";N;s:11:\"description\";s:104:\"Zu Datieren: 24.05.699 oder 714 (so der Hg.) oder 24.05.698 oder 713, F. Mitthof, APF 55 (2009), S. 162.\";s:6:\"status\";s:9:\"unchecked\";}','klett'),(324,'create','2012-08-16 16:02:05','75','Papyrillio\\BeehiveBundle\\Entity\\Task',1,'a:2:{s:11:\"description\";s:33:\"Enter into DDb through the editor\";s:7:\"cleared\";N;}','klett'),(325,'create','2012-08-16 16:12:17','107','Papyrillio\\BeehiveBundle\\Entity\\Correction',1,'a:3:{s:8:\"position\";N;s:11:\"description\";s:117:\"Zu datieren: 25.07. - 10.08.69 n.Chr. (Druckfehler in der Datumsangabe: 27.07.69), F. Mitthof, APF 55 (2009), S. 163.\";s:6:\"status\";s:9:\"unchecked\";}','klett'),(326,'update','2012-08-16 16:12:52','107','Papyrillio\\BeehiveBundle\\Entity\\Correction',2,'a:1:{s:11:\"description\";s:115:\"Zu datieren: 25.07. - 10.08.69 n.Chr. (Druckfehler in der Datumsangabe: 27.07.), F. Mitthof, APF 55 (2009), S. 163.\";}','klett'),(327,'create','2012-08-16 16:13:01','76','Papyrillio\\BeehiveBundle\\Entity\\Task',1,'a:2:{s:11:\"description\";s:33:\"Enter into DDb through the editor\";s:7:\"cleared\";N;}','klett'),(328,'update','2012-08-16 16:13:40','106','Papyrillio\\BeehiveBundle\\Entity\\Correction',2,'a:1:{s:11:\"description\";s:104:\"Zu datieren: 24.05.699 oder 714 (so der Hg.) oder 24.05.698 oder 713, F. Mitthof, APF 55 (2009), S. 162.\";}','klett');
/*!40000 ALTER TABLE `ext_log_entries` ENABLE KEYS */;
UNLOCK TABLES;

--
-- Table structure for table `ext_translations`
--

DROP TABLE IF EXISTS `ext_translations`;
/*!40101 SET @saved_cs_client     = @@character_set_client */;
/*!40101 SET character_set_client = utf8 */;
CREATE TABLE `ext_translations` (
  `id` int(11) NOT NULL auto_increment,
  `locale` varchar(8) NOT NULL,
  `object_class` varchar(255) NOT NULL,
  `field` varchar(32) NOT NULL,
  `foreign_key` varchar(64) NOT NULL,
  `content` longtext,
  PRIMARY KEY  (`id`),
  UNIQUE KEY `lookup_unique_idx` (`locale`,`object_class`,`foreign_key`,`field`),
  KEY `translations_lookup_idx` (`locale`,`object_class`,`foreign_key`)
) ENGINE=InnoDB DEFAULT CHARSET=utf8;
/*!40101 SET character_set_client = @saved_cs_client */;

--
-- Dumping data for table `ext_translations`
--

LOCK TABLES `ext_translations` WRITE;
/*!40000 ALTER TABLE `ext_translations` DISABLE KEYS */;
/*!40000 ALTER TABLE `ext_translations` ENABLE KEYS */;
UNLOCK TABLES;

--
-- Table structure for table `index_entry`
--

DROP TABLE IF EXISTS `index_entry`;
/*!40101 SET @saved_cs_client     = @@character_set_client */;
/*!40101 SET character_set_client = utf8 */;
CREATE TABLE `index_entry` (
  `id` int(11) NOT NULL auto_increment,
  `correction_id` int(11) NOT NULL,
  `type` varchar(64) NOT NULL,
  `topic` varchar(64) NOT NULL,
  `phrase` longtext NOT NULL,
  PRIMARY KEY  (`id`),
  KEY `IDX_D9E81DE694AE086B` (`correction_id`),
  CONSTRAINT `FK_D9E81DE694AE086B` FOREIGN KEY (`correction_id`) REFERENCES `correction` (`id`)
) ENGINE=InnoDB AUTO_INCREMENT=10 DEFAULT CHARSET=utf8;
/*!40101 SET character_set_client = @saved_cs_client */;

--
-- Dumping data for table `index_entry`
--

LOCK TABLES `index_entry` WRITE;
/*!40000 ALTER TABLE `index_entry` DISABLE KEYS */;
INSERT INTO `index_entry` VALUES (2,19,'Ghostword','Zivil- und Militärverwaltung','Und noch einer'),(8,19,'Neues Wort','Personennamen','5'),(9,19,'Neues Wort','Personennamen','6');
/*!40000 ALTER TABLE `index_entry` ENABLE KEYS */;
UNLOCK TABLES;

--
-- Table structure for table `task`
--

DROP TABLE IF EXISTS `task`;
/*!40101 SET @saved_cs_client     = @@character_set_client */;
/*!40101 SET character_set_client = utf8 */;
CREATE TABLE `task` (
  `id` int(11) NOT NULL auto_increment,
  `correction_id` int(11) NOT NULL,
  `category` varchar(64) NOT NULL,
  `description` longtext NOT NULL,
  `cleared` datetime default NULL,
  PRIMARY KEY  (`id`),
  KEY `IDX_527EDB2594AE086B` (`correction_id`),
  CONSTRAINT `FK_527EDB2594AE086B` FOREIGN KEY (`correction_id`) REFERENCES `correction` (`id`)
) ENGINE=InnoDB AUTO_INCREMENT=77 DEFAULT CHARSET=utf8;
/*!40101 SET character_set_client = @saved_cs_client */;

--
-- Dumping data for table `task`
--

LOCK TABLES `task` WRITE;
/*!40000 ALTER TABLE `task` DISABLE KEYS */;
INSERT INTO `task` VALUES (1,1,'hgv','add Bemerkung HGV (via James?) Zum Datum vgl. P. Oxy. 68. 4681, Anm. zu Z. 9-11. or whole remark?',NULL),(2,2,'hgv','add HGV: Abbildung: J.-L. Fournet, in: Des Alexandries II, S. 79.',NULL),(3,3,'ddb','add comlete remark, followed by [BL 13], in DDbDP commentary-line via SoSOL',NULL),(4,4,'hgv','already in HGV','2012-01-01 00:00:00'),(5,5,'hgv','already in HGV','2012-01-01 00:00:00'),(6,5,'tm','identities for Trismegistos (form wil be functional ca. february 2012) Theodoros 378673 =  387422; Leukadios 378678 = 387455 and perhaps = 374820.',NULL),(7,6,'hgv','add line-nr. in HGV-remark?',NULL),(8,6,'tm','inform Trismegistos',NULL),(9,7,'hgv','add line-nr. in HGV-remark?',NULL),(10,7,'tm','inform Trismegistos',NULL),(11,8,'ddb','add via SoSOL: <:πολιτευομένου= K.A. Worp in: P. Oxy. 68. 4687, Anm. zu Z. 8-9 (BL 13)|ed| πρίνκιπος:>',NULL),(12,9,'ddb','Add via SoSOL &lt;:&lt;:τὰ βασιλ[ικὰ πράσ]σοντ[ες]= J.-M. Bertrand in: La circulation de l’information, S. 99-100 (BL 13)|alt|τὰ βασιλ̣[ικὰ πραγματευόμενοι](?)=P.Hib. 2, Anm.<:|ed| τὰ βασιλ̣[ικὰ ca.? ]σοντ[ ca.? ]:>',NULL),(13,10,'tm','Identities for TM People',NULL),(14,10,'ddb','add SoSOL: <: ῥιπαρίῳ=bestätigt in P. Oxy. 68. 4684, Anm. zu Z. 3 und 4685, Einl. (BL 13)|ed|ῥιπαρίῳ:>',NULL),(15,11,'ddb','Add SoSOL: <:Ὡρείω]ν̣= J.-Y. Strasser, B.C.H. 128-129 (2004-2005), S. 427, Anm. 36 (BL 13)|ed|]ν̣:>',NULL),(16,12,'ddb','Add SoSOL: the whole for commentary line',NULL),(17,13,'hgv','already in HGV, but ‘vorzuziehen’ not made clear!!',NULL),(18,14,'ddb','Add SoSOL: <:ἐν Ὀξυρύγχ(ων)=P. Oxy. 68. 4701, Anm. zu Z. 2 (BL 13)|ed| ἐν Ὀξυρυγχ(ιτῶν):>',NULL),(19,15,'ddb','Add SoSOL: <: [ὑπατείας Φλ]= P. Oxy. 68. 4688, Anm. zu Z. 2 (BL 13)|corr|<:[μετὰ τὴν ὑπατείαν Φλ]=BL 7.103|ed|[ ca.? ὑπατείας Φλ]:>:> ugly with half word Fl, but clear',NULL),(20,16,'ddb','Add SoSOL: <:[ ca.11 ]= P. Oxy. 68. 4697, Anm. zu Z. 6-7 (BL 13)|ed|[ἐναπόγραφος]:> misleading with 2nd bracket, probably impossible without 2nd bracket',NULL),(21,17,'hgv','Date HGV',NULL),(22,17,'ddb','Add SoSOL: <:ἐνάτης=P. Oxy. 68. 4688, Anm. zu Z. 2 (BL 13)<:δ[ε]κ̣άτης=BL 7.103|ed|ἐνάτης:>:>',NULL),(24,19,'apis','Eine neue Aufgabe - Horridoh!!!',NULL),(25,20,'ddb','Enter correction into DDb through the editor.',NULL),(26,21,'ddb','Enter into DDb through the editor',NULL),(27,22,'ddb','Enter into DDb through the editor',NULL),(28,23,'ddb','Enter correction into DDb through the editor',NULL),(29,23,'hgv','HGV has already made relevant correction to localisation.','2012-03-08 15:16:00'),(31,20,'bl','Make sure that there is consistency between the beginning and end of the cited passage before and after the arrow (JC)',NULL),(36,19,'apis','noch eine neue',NULL),(37,67,'ddb','Enter correction into DDb through the editor',NULL),(38,68,'ddb','Enter correction into DDb through the editor',NULL),(39,69,'ddb','Enter correction into DDb through the editor',NULL),(40,70,'ddb','Enter into DDb through the editor',NULL),(41,71,'ddb','Enter into DDb through the editor',NULL),(42,72,'ddb','Enter correction into DDb through the editor',NULL),(43,73,'hgv','Check against HGV in papyri.info',NULL),(44,74,'hgv','Check against HGV in papyri.info',NULL),(45,75,'ddb','Enter correction into DDb through the editor',NULL),(46,76,'hgv','Check against HGV in papyri.info',NULL),(47,77,'ddb','Enter into DDb through the editor',NULL),(48,78,'ddb','Enter correction into DDb through the editor',NULL),(49,79,'ddb','Enter correction into DDb through the editor',NULL),(50,80,'ddb','Enter correction into DDb through the editor',NULL),(51,81,'ddb','Enter correction into DDb through the editor',NULL),(52,82,'ddb','Enter correction into DDb through the editor',NULL),(53,83,'ddb','Enter correction into DDb through the editor',NULL),(54,84,'ddb','Enter correction into DDb through the editor',NULL),(55,85,'ddb','Enter correction into DDb through the editor',NULL),(56,86,'hgv','Check against HGV in papyri.info',NULL),(57,87,'ddb','Enter correction into DDb through the editor',NULL),(58,88,'hgv','Check against HGV in papyri.info',NULL),(59,89,'hgv','Check against HGV in papyri.info',NULL),(60,91,'hgv','Check against HGV in papyri.info',NULL),(61,92,'hgv','Check against HGV in papyri.info',NULL),(62,93,'hgv','Check against HGV in papyri.info',NULL),(63,94,'ddb','Enter correction into DDb through the editor',NULL),(64,95,'ddb','Enter correction into DDb through the editor',NULL),(65,96,'ddb','Enter correction into DDb through the editor',NULL),(66,97,'ddb','Enter correction into DDb through the editor',NULL),(67,98,'ddb','Enter correction into DDb through the editor',NULL),(68,99,'ddb','Enter correction into DDb through the editor',NULL),(69,100,'ddb','Enter correction into DDb through the editor',NULL),(70,101,'ddb','Enter into DDb through the editor',NULL),(71,102,'ddb','Enter into DDb through the editor',NULL),(72,103,'ddb','Enter into DDb through the editor',NULL),(73,104,'ddb','Enter into DDb through the editor',NULL),(74,105,'ddb','Enter into DDb through the editor',NULL),(75,106,'ddb','Enter into DDb through the editor',NULL),(76,107,'ddb','Enter into DDb through the editor',NULL);
/*!40000 ALTER TABLE `task` ENABLE KEYS */;
UNLOCK TABLES;
/*!40103 SET TIME_ZONE=@OLD_TIME_ZONE */;

/*!40101 SET SQL_MODE=@OLD_SQL_MODE */;
/*!40014 SET FOREIGN_KEY_CHECKS=@OLD_FOREIGN_KEY_CHECKS */;
/*!40014 SET UNIQUE_CHECKS=@OLD_UNIQUE_CHECKS */;
/*!40101 SET CHARACTER_SET_CLIENT=@OLD_CHARACTER_SET_CLIENT */;
/*!40101 SET CHARACTER_SET_RESULTS=@OLD_CHARACTER_SET_RESULTS */;
/*!40101 SET COLLATION_CONNECTION=@OLD_COLLATION_CONNECTION */;
/*!40111 SET SQL_NOTES=@OLD_SQL_NOTES */;

-- Dump completed on 2012-09-28 12:08:02
